name,gender
ae jung,F
ae young,F
ae-jung,F
ae-young,F
ah reum,F
ah-reum,F
ahrum ms,F
ahrum(ms.),F
ahrum (ms.),F
areum,F
areumdaul mi,F
areumdaul-mi,F
bae,M
bai,F
beom seok,M
beom so,M
beom-seok,M
beom-so,M
bin na,F
bin-na,F
bit na,F
bit-na,F
bo hyun,M
bo kyung,F
bo ram,F
bo young,F
bo-hyun,M
bo-kyung,F
bo-ram,F
bo-young,F
bok hee,F
bok kae,M
bok sil,F
bok soo,M
bok soon,F
bok sun,F
bok-hee,F
bok-kae,M
bok-sil,F
bok-soo,M
bok-soon,F
bok-sun,F
bokung ms,F
bokung(ms.),F
bokung (ms.),F
bong ja,F
bong ki,M
bong soo,M
bong soon,F
bong-ja,F
bong-ki,M
bong-soo,M
bong-soon,F
boo ja,F
boo-ja,F
bora,F
bum,M
bum sang,M
bum suk,M
bum-sang,M
bum-suk,M
byeong gyu,M
byeong ho,M
byeong-gyu,M
byeong-ho,M
byung chul,M
byung ho,M
byung hoon,M
byung hun,M
byung hwan,M
byung jin,M
byung joon,M
byung ki,M
byung kyu,M
byung ok,F
byung soo,M
byung woo,M
byung wook,M
byung-chul,M
byung-ho,M
byung-hoon,M
byung-hun,M
byung-hwan,M
byung-jin,M
byung-joon,M
byung-ki,M
byung-kyu,M
byung-ok,F
byung-soo,M
byung-woo,M
byung-wook,M
chae won,F
chae young,F
chae-won,F
chae-young,F
chan,M
chan ki,M
chan woo,M
chan wook,M
chan-ki,M
chan-woo,M
chan-wook,M
chang bae,M
chang han,M
chang ho,M
chang hoon,M
chang hwan,M
chang hyun,M
chang il,M
chang min,M
chang ok,F
chang soo,M
chang sun,M
chang sung,M
chang uk,M
chang wan,M
chang woo,M
chang yul,M
chang yun,M
chang-bae,M
chang-han,M
chang-ho,M
chang-hoon,M
chang-hwan,M
chang-hyun,M
chang-il,M
chang-min,M
chang-ok,F
chang-soo,M
chang-sun,M
chang-sung,M
chang-uk,M
chang-wan,M
chang-woo,M
chang-yul,M
chang-yun,M
chee yun,F
chee-yun,F
cheol min,M
cheol soo,M
cheol-min,M
cheol-soo,M
chi gon,M
chi ho,M
chi hwan,M
chi hyun,F
chi san,M
chi won,M
chi young,F
chi yuen,F
chi yun,F
chi-gon,M
chi-ho,M
chi-hwan,M
chi-hyun,F
chi-san,M
chi-won,M
chi-young,F
chi-yuen,F
chi-yun,F
chil sung,M
chil-sung,M
chol,M
chol min,M
chol soo,M
chol soon,F
chol su,M
chol-min,M
chol-soo,M
chol-soon,F
chol-su,M
chong han,M
chong ho,M
chong hwa,F
chong hyun,M
chong in,M
chong ja,F
chong nam,M
chong seo,M
chong soon,M
chong suk,F
chong sung,M
chong tae,M
chong won,M
chong-han,M
chong-ho,M
chong-hwa,F
chong-hyun,M
chong-in,M
chong-ja,F
chong-nam,M
chong-seo,M
chong-soon,M
chong-suk,F
chong-sung,M
chong-tae,M
chong-won,M
choon sun,F
choon-sun,F
chul,M
chul hong,M
chul min,M
chul soo,M
chul soon,M
chul woo,M
chul-hong,M
chul-min,M
chul-soo,M
chul-soon,M
chul-woo,M
chun ha,M
chun hwa,F
chun il,M
chun ja,F
chun-ha,M
chun-hwa,F
chun-il,M
chun-ja,F
chung hee,F
chung hoon,M
chung hwan,M
chung il,M
chung ja,F
chung min,M
chung nam,M
chung shin,M
chung sook,F
chung woo,M
chung yeol,M
chung-hee,F
chung-hoon,M
chung-hwan,M
chung-il,M
chung-ja,F
chung-min,M
chung-nam,M
chung-shin,M
chung-sook,F
chung-woo,M
chung-yeol,M
da hee,F
da-hee,F
dae hyun,M
dae joong,M
dae jung,M
dae kyung,M
dae seong,M
dae sik,M
dae sung,M
dae whoan,M
dae won,M
dae woo,M
dae yong,M
dae young,M
dae-hyun,M
dae-joong,M
dae-jung,M
dae-kyung,M
dae-seong,M
dae-sik,M
dae-sung,M
dae-whoan,M
dae-won,M
dae-woo,M
dae-yong,M
dae-young,M
dai won,M
dai-won,M
dal soo,M
dal-soo,M
deok soo,M
deok su,M
deok-soo,M
deok-su,M
do hee,F
do hoon,M
do hui,F
do hun,M
do hyeon,M
do hyun,M
do hyung,M
do won,M
do yoon,M
do yun,M
do-hee,F
do-hoon,M
do-hui,F
do-hun,M
do-hyeon,M
do-hyun,M
do-hyung,M
do-won,M
do-yoon,M
do-yun,M
dong,M
dong chan,M
dong cheol,M
dong chul,M
dong geon,M
dong geun,M
dong gun,M
dong ha,M
dong hee,M
dong ho,M
dong hoon,M
dong hun,M
dong hwa,M
dong hwan,M
dong hyeok,M
dong hyuk,M
dong hyun,M
dong il,M
dong ill,M
dong jin,M
dong joo,M
dong joon,M
dong jun,M
dong keun,M
dong kyu,M
dong min,M
dong seob,M
dong sik,M
dong soo,M
dong sook,F
dong soon,F
dong suk,M
dong sun,F
dong sung,M
dong wan,M
dong won,M
dong woo,M
dong wook,M
dong young,M
dong yun,M
dong-chan,M
dong-cheol,M
dong-chul,M
dong-geon,M
dong-geun,M
dong-gun,M
dong-ha,M
dong-hee,M
dong-ho,M
dong-hoon,M
dong-hun,M
dong-hwa,M
dong-hwan,M
dong-hyeok,M
dong-hyuk,M
dong-hyun,M
dong-il,M
dong-ill,M
dong-jin,M
dong-joo,M
dong-joon,M
dong-jun,M
dong-keun,M
dong-kyu,M
dong-min,M
dong-seob,M
dong-sik,M
dong-soo,M
dong-sook,F
dong-soon,F
dong-suk,M
dong-sun,F
dong-sung,M
dong-wan,M
dong-won,M
dong-woo,M
dong-wook,M
dong-young,M
dong-yun,M
donggyou,M
doo hee,F
doo-hee,F
duck soo,M
duck-soo,M
duk hoon,M
duk ja,F
duk jin,M
duk jun,M
duk soo,M
duk-hoon,M
duk-ja,F
duk-jin,M
duk-jun,M
duk-soo,M
euh kyeong,F
euh-kyeong,F
eui jung,F
eui suk,M
eui-jung,F
eui-suk,M
eun,F
eun a,F
eun ah,F
eun bi,F
eun byul,F
eun chae,F
eun chul,M
eun gyeong,F
eun ha,F
eun hee,F
eun ho,M
eun hui,F
eun hye,F
eun ja,F
eun jee,F
eun jeon,F
eun jeong,F
eun ji,F
eun jin,F
eun joo,F
eun ju,F
eun jung,F
eun kyeong,F
eun kyung,F
eun mi,F
eun seo,F
eun sil,F
eun sook,F
eun soon,F
eun suh,F
eun suk,F
eun sun,F
eun yeong,F
eun young,F
eun-a,F
eun-ah,F
eun-bi,F
eun-byul,F
eun-chae,F
eun-chul,M
eun-gyeong,F
eun-ha,F
eun-hee,F
eun-ho,M
eun-hui,F
eun-hye,F
eun-ja,F
eun-jee,F
eun-jeon,F
eun-jeong,F
eun-ji,F
eun-jin,F
eun-joo,F
eun-ju,F
eun-jung,F
eun-kyeong,F
eun-kyung,F
eun-mi,F
eun-seo,F
eun-sil,F
eun-sook,F
eun-soon,F
eun-suh,F
eun-suk,F
eun-sun,F
eun-yeong,F
eun-young,F
eunhyuk,M
ga in,F
ga young,F
ga-in,F
ga-young,F
gi mun,M
gi na,F
gi-mun,M
gi-na,F
go eun,F
go-eun,F
goul yeon,F
goul-yeon,F
gun woo,M
gun-woo,M
gwang hyeok,M
gwang hyun,M
gwang seok,M
gwang sik,M
gwang su,M
gwang-hyeok,M
gwang-hyun,M
gwang-seok,M
gwang-sik,M
gwang-su,M
gye rim,F
gye-rim,F
gyeong cheol,M
gyeong hui,F
gyeong ja,F
gyeong jae,M
gyeong suk,F
gyeong-cheol,M
gyeong-hui,F
gyeong-ja,F
gyeong-jae,M
gyeong-suk,F
gyuri,F
ha eun,F
ha hak,M
ha joon,M
ha jun,M
ha na,F
ha yoon,F
ha yun,F
ha-eun,F
ha-hak,M
ha-joon,M
ha-jun,M
ha-na,F
ha-yoon,F
ha-yun,F
hae chung,F
hae eun,F
hae il,M
hae jung,F
hae kyung,F
hae ok,F
hae ran,F
hae seong,M
hae sook,F
hae soon,F
hae sung,M
hae-chung,F
hae-eun,F
hae-il,M
hae-jung,F
hae-kyung,F
hae-ok,F
hae-ran,F
hae-seong,M
hae-sook,F
hae-soon,F
hae-sung,M
hak jin,M
hak joo,F
hak soo,M
hak-jin,M
hak-joo,F
hak-soo,M
han bin,M
han dong,M
han jae,M
han kyu,M
han soo,M
han suk,F
han yong,M
han-bin,M
han-dong,M
han-jae,M
han-kyu,M
han-soo,M
han-suk,F
han-yong,M
hana,F
hang suk,F
hang-suk,F
he il,M
he sun,F
he-il,M
he-sun,F
hea jung,F
hea sun,F
hea-jung,F
hea-sun,F
hee,F
hee bok,M
hee chul,M
hee eun,F
hee ja,F
hee jaa,F
hee jeong,F
hee jin,F
hee joo,F
hee joon,M
hee jun,M
hee jung,F
hee kyung,F
hee seon,F
hee sook,F
hee soon,F
hee suk,M
hee sun,F
hee young,F
hee-bok,M
hee-chul,M
hee-eun,F
hee-ja,F
hee-jaa,F
hee-jeong,F
hee-jin,F
hee-joo,F
hee-joon,M
hee-jun,M
hee-jung,F
hee-kyung,F
hee-seon,F
hee-sook,F
hee-soon,F
hee-suk,M
hee-sun,F
hee-young,F
heung kyun,M
heung-kyun,M
hey jin,F
hey-jin,F
hi chul,M
hi-chul,M
ho,M
ho jin,M
ho joon,M
ho jun,M
ho san,M
ho seong,M
ho sung,M
ho young,M
ho-jin,M
ho-joon,M
ho-jun,M
ho-san,M
ho-seong,M
ho-sung,M
ho-young,M
hoi,M
hong,M
hong chang,M
hong gi,M
hong jin,M
hong keun,M
hong ki,M
hong kyu,M
hong min,M
hong sik,M
hong soo,M
hong youl,M
hong-chang,M
hong-gi,M
hong-jin,M
hong-keun,M
hong-ki,M
hong-kyu,M
hong-min,M
hong-sik,M
hong-soo,M
hong-youl,M
hoon,M
houng gun,M
houng-gun,M
hun nam,M
hun-nam,M
hwa ja,F
hwa sik,M
hwa sun,F
hwa young,F
hwa-ja,F
hwa-sik,M
hwa-sun,F
hwa-young,F
hwan,M
hyang mi,F
hyang-mi,F
hye bin,F
hye in,F
hye ja,F
hye jeong,F
hye jin,F
hye jung,F
hye kyong,F
hye kyoung,F
hye kyung,F
hye lim,F
hye mee,F
hye mi,F
hye min,F
hye rim,F
hye ryun,F
hye sook,F
hye soon,F
hye su,F
hye sun,F
hye won,F
hye yeon,F
hye yeong,F
hye yong,F
hye young,F
hye-bin,F
hye-in,F
hye-ja,F
hye-jeong,F
hye-jin,F
hye-jung,F
hye-kyong,F
hye-kyoung,F
hye-kyung,F
hye-lim,F
hye-mee,F
hye-mi,F
hye-min,F
hye-rim,F
hye-ryun,F
hye-sook,F
hye-soon,F
hye-su,F
hye-sun,F
hye-won,F
hye-yeon,F
hye-yeong,F
hye-yong,F
hye-young,F
hyeon hee,F
hyeon tae,M
hyeon u,M
hyeon uk,M
hyeon woo,M
hyeon-hee,F
hyeon-tae,M
hyeon-u,M
hyeon-uk,M
hyeon-woo,M
hyeong min,M
hyeong-min,M
hyo jin,F
hyo joo,F
hyo jung,F
hyo rin,F
hyo-jin,F
hyo-joo,F
hyo-jung,F
hyo-rin,F
hyon,M
hyon gyong,F
hyon il,M
hyon ok,F
hyon suk,F
hyon sung,M
hyon uk,M
hyon-gyong,F
hyon-il,M
hyon-ok,F
hyon-suk,F
hyon-sung,M
hyon-uk,M
hyong jun,M
hyong-jun,M
hyun a,F
hyun ah,F
hyun bae,M
hyun chul,M
hyun hee,F
hyun il,M
hyun ja,F
hyun jin,F
hyun joo,F
hyun joon,M
hyun ju,F
hyun jun,M
hyun june,M
hyun jung,F
hyun kuk,M
hyun kyoung,F
hyun kyung,F
hyun mee,F
hyun mi,F
hyun ok,F
hyun seok,M
hyun seung,M
hyun sil,M
hyun soo,M
hyun sook,F
hyun su,M
hyun suk,M
hyun sun,F
hyun sung,M
hyun tae,M
hyun woo,M
hyun wook,M
hyun-a,F
hyun-ah,F
hyun-bae,M
hyun-chul,M
hyun-hee,F
hyun-il,M
hyun-ja,F
hyun-jin,F
hyun-joo,F
hyun-joon,M
hyun-ju,F
hyun-jun,M
hyun-june,M
hyun-jung,F
hyun-kuk,M
hyun-kyoung,F
hyun-kyung,F
hyun-mee,F
hyun-mi,F
hyun-ok,F
hyun-seok,M
hyun-seung,M
hyun-sil,M
hyun-soo,M
hyun-sook,F
hyun-su,M
hyun-suk,M
hyun-sun,F
hyun-sung,M
hyun-tae,M
hyun-woo,M
hyun-wook,M
hyung ho,M
hyung joon,M
hyung joong,F
hyung jun,M
hyung ki,M
hyung kyoo,M
hyung min,M
hyung mun,M
hyung soon,F
hyung suk,F
hyung won,M
hyung wook,M
hyung-ho,M
hyung-joon,M
hyung-joong,F
hyung-jun,M
hyung-ki,M
hyung-kyoo,M
hyung-min,M
hyung-mun,M
hyung-soon,F
hyung-suk,F
hyung-won,M
hyung-wook,M
il,M
il chung,M
il han,M
il seong,M
il soo,M
il sun,F
il sung,M
il young,M
il-chung,M
il-han,M
il-seong,M
il-soo,M
il-sun,F
il-sung,M
il-young,M
in ae,F
in bae,M
in chan,M
in chul,M
in hi,F
in ho,M
in hong,M
in hwan,M
in hye,F
in jae,M
in kyu,M
in kyung,F
in ok,F
in seok,M
in seon,F
in shik,M
in sik,M
in soo,M
in sook,F
in soon,F
in sub,M
in suk,F
in sun,F
in wha,F
in yong,F
in young,F
in-ae,F
in-bae,M
in-chan,M
in-chul,M
in-hi,F
in-ho,M
in-hong,M
in-hwan,M
in-hye,F
in-jae,M
in-kyu,M
in-kyung,F
in-ok,F
in-seok,M
in-seon,F
in-shik,M
in-sik,M
in-soo,M
in-sook,F
in-soon,F
in-sub,M
in-suk,F
in-sun,F
in-wha,F
in-yong,F
in-young,F
inhong,M
ja,F
ja kyung,F
ja young,F
ja-kyung,F
ja-young,F
jae beom,M
jae bong,M
jae bum,M
jae cheol,M
jae chun,M
jae geun,M
jae hee,F
jae ho,M
jae hong,M
jae hoon,M
jae hyeon,M
jae hyoung,M
jae hyuk,M
jae hyun,M
jae hyung,M
jae il,M
jae jin,M
jae joon,M
jae keun,M
jae ki,M
jae kun,M
jae kwan,M
jae kyun,M
jae kyung,F
jae min,M
jae myung,M
jae seong,M
jae seop,M
jae sool,M
jae sub,M
jae suk,M
jae sung,M
jae sup,M
jae ung,M
jae weon,M
jae won,M
jae woo,M
jae wook,M
jae woon,M
jae woong,M
jae yong,M
jae yoon,M
jae-beom,M
jae-bong,M
jae-bum,M
jae-cheol,M
jae-chun,M
jae-geun,M
jae-hee,F
jae-ho,M
jae-hong,M
jae-hoon,M
jae-hyeon,M
jae-hyoung,M
jae-hyuk,M
jae-hyun,M
jae-hyung,M
jae-il,M
jae-jin,M
jae-joon,M
jae-keun,M
jae-ki,M
jae-kun,M
jae-kwan,M
jae-kyun,M
jae-kyung,F
jae-min,M
jae-myung,M
jae-seong,M
jae-seop,M
jae-sool,M
jae-sub,M
jae-suk,M
jae-sung,M
jae-sup,M
jae-ung,M
jae-weon,M
jae-won,M
jae-woo,M
jae-wook,M
jae-woon,M
jae-woong,M
jae-yong,M
jae-yoon,M
jang hee,F
jang ho,M
jang mi,F
jang yun,M
jang-hee,F
jang-ho,M
jang-mi,F
jang-yun,M
jean hee,F
jean-hee,F
jee eun,F
jee hae,F
jee hye,F
jee hyun,F
jee woon,M
jee young,F
jee-eun,F
jee-hae,F
jee-hye,F
jee-hyun,F
jee-woon,M
jee-young,F
jeen,M
jeong ah,F
jeong eun,F
jeong hee,F
jeong ho,M
jeong hun,M
jeong hwan,M
jeong il,M
jeong ja,F
jeong min,M
jeong ok,F
jeong sik,M
jeong soo,M
jeong sook,F
jeong suk,F
jeong won,M
jeong-ah,F
jeong-eun,F
jeong-hee,F
jeong-ho,M
jeong-hun,M
jeong-hwan,M
jeong-il,M
jeong-ja,F
jeong-min,M
jeong-ok,F
jeong-sik,M
jeong-soo,M
jeong-sook,F
jeong-suk,F
jeong-won,M
ji ae,F
ji ah,F
ji chang,M
ji eun,F
ji hee,F
ji ho,M
ji hoon,M
ji hun,M
ji hwan,M
ji hye,F
ji hyuk,M
ji hyun,F
ji seok,M
ji seon,F
ji soo,F
ji sook,F
ji soon,F
ji sun,F
ji tae,M
ji un,M
ji won,F
ji woo,F
ji woon,M
ji woong,M
ji yean,F
ji yeon,F
ji yeoun,F
ji yong,F
ji youn,F
ji young,F
ji yu,F
ji yun,F
ji-ae,F
ji-ah,F
ji-chang,M
ji-eun,F
ji-hee,F
ji-ho,M
ji-hoon,M
ji-hun,M
ji-hwan,M
ji-hye,F
ji-hyuk,M
ji-hyun,F
ji-seok,M
ji-seon,F
ji-soo,F
ji-sook,F
ji-soon,F
ji-sun,F
ji-tae,M
ji-un,M
ji-won,F
ji-woo,F
ji-woon,M
ji-woong,M
ji-yean,F
ji-yeon,F
ji-yeoun,F
ji-yong,F
ji-youn,F
ji-young,F
ji-yu,F
ji-yun,F
jie ho,M
jie-ho,M
jin,F
jin bo,M
jin bong,M
jin chul,M
jin han,M
jin hee,F
jin ho,M
jin hong,M
jin hwa,F
jin hwan,M
jin hyeok,M
jin hyok,M
jin hyuk,M
jin hyung,M
jin ju,F
jin kuk,M
jin kyong,F
jin kyung,F
jin man,M
jin min,M
jin ok,F
jin seon,M
jin soo,M
jin sook,F
jin sun,F
jin sung,M
jin tae,M
jin woo,M
jin wook,M
jin young,F
jin-bo,M
jin-bong,M
jin-chul,M
jin-han,M
jin-hee,F
jin-ho,M
jin-hong,M
jin-hwa,F
jin-hwan,M
jin-hyeok,M
jin-hyok,M
jin-hyuk,M
jin-hyung,M
jin-ju,F
jin-kuk,M
jin-kyong,F
jin-kyung,F
jin-man,M
jin-min,M
jin-ok,F
jin-seon,M
jin-soo,M
jin-sook,F
jin-sun,F
jin-sung,M
jin-tae,M
jin-woo,M
jin-wook,M
jin-young,F
jong chan,M
jong chul,M
jong hak,M
jong hee,F
jong ho,M
jong hoon,M
jong hun,M
jong hwan,M
jong hyuk,M
jong hyun,M
jong il,M
jong jin,M
jong ki,M
jong kyu,M
jong man,M
jong min,M
jong nam,M
jong ok,F
jong sam,M
jong seok,M
jong sik,M
jong soo,M
jong su,M
jong sub,M
jong tae,M
jong won,M
jong woo,M
jong woon,M
jong yeol,M
jong young,M
jong yul,M
jong-chan,M
jong-chul,M
jong-hak,M
jong-hee,F
jong-ho,M
jong-hoon,M
jong-hun,M
jong-hwan,M
jong-hyuk,M
jong-hyun,M
jong-il,M
jong-jin,M
jong-ki,M
jong-kyu,M
jong-man,M
jong-min,M
jong-nam,M
jong-ok,F
jong-sam,M
jong-seok,M
jong-sik,M
jong-soo,M
jong-su,M
jong-sub,M
jong-tae,M
jong-won,M
jong-woo,M
jong-woon,M
jong-yeol,M
jong-young,M
jong-yul,M
joo han,M
joo hee,F
joo ho,M
joo hwan,M
joo hyung,M
joo mi,F
joo-han,M
joo-hee,F
joo-ho,M
joo-hwan,M
joo-hyung,M
joo-mi,F
joon gi,M
joon ha,M
joon ho,M
joon hyuk,M
joon ki,M
joon sang,M
joon seo,M
joon seok,M
joon tae,M
joon woo,M
joon-gi,M
joon-ha,M
joon-ho,M
joon-hyuk,M
joon-ki,M
joon-sang,M
joon-seo,M
joon-seok,M
joon-tae,M
joon-woo,M
joung hee,F
joung-hee,F
ju chon,M
ju hwan,M
ju hyun,F
ju mi,F
ju young,F
ju-chon,M
ju-hwan,M
ju-hyun,F
ju-mi,F
ju-young,F
jum soon,F
jum-soon,F
jun,M
jun ha,M
jun ho,M
jun hyung,M
jun min,M
jun mo,M
jun sang,M
jun seo,M
jun seok,M
jun sik,M
jun young,M
jun-ha,M
jun-ho,M
jun-hyung,M
jun-min,M
jun-mo,M
jun-sang,M
jun-seo,M
jun-seok,M
jun-sik,M
jun-young,M
jung a,F
jung ae,F
jung ah,F
jung bae,M
jung chul,M
jung eun,F
jung geun,M
jung hee,F
jung hi,F
jung ho,M
jung hoon,M
jung hun,M
jung hwa,F
jung hwan,M
jung hye,F
jung hyun,M
jung il,M
jung im,F
jung ja,F
jung jin,M
jung koo,M
jung mi,F
jung min,M
jung mo,M
jung myung,M
jung ok,F
jung ran,F
jung sik,M
jung soo,M
jung sook,F
jung soon,F
jung su,M
jung suk,F
jung sun,F
jung uh,M
jung woo,M
jung wook,M
jung yeon,F
jung yul,M
jung-a,F
jung-ae,F
jung-ah,F
jung-bae,M
jung-chul,M
jung-eun,F
jung-geun,M
jung-hee,F
jung-hi,F
jung-ho,M
jung-hoon,M
jung-hun,M
jung-hwa,F
jung-hwan,M
jung-hye,F
jung-hyun,M
jung-il,M
jung-im,F
jung-ja,F
jung-jin,M
jung-koo,M
jung-mi,F
jung-min,M
jung-mo,M
jung-myung,M
jung-ok,F
jung-ran,F
jung-sik,M
jung-soo,M
jung-sook,F
jung-soon,F
jung-su,M
jung-suk,F
jung-sun,F
jung-uh,M
jung-woo,M
jung-wook,M
jung-yeon,F
jung-yul,M
jungmin ms,F
jungmin(ms.),F
jungmin (ms.),F
kang ho,M
kang min,M
kang-ho,M
kang-min,M
kean,M
kee chung,M
kee-chung,M
keon woo,M
keon-woo,M
keum ja,F
keum young,M
keum-ja,F
keum-young,M
keun young,M
keun-young,M
key,M
ki chan,M
ki chang,M
ki chun,M
ki dong,M
ki ha,M
ki hong,M
ki hyun,M
ki jung,M
ki moon,M
ki nam,M
ki ok,F
ki soo,M
ki sook,F
ki suk,F
ki sun,F
ki sung,M
ki tae,M
ki woo,M
ki woong,M
ki yong,M
ki young,M
ki-chan,M
ki-chang,M
ki-chun,M
ki-dong,M
ki-ha,M
ki-hong,M
ki-hyun,M
ki-jung,M
ki-moon,M
ki-nam,M
ki-ok,F
ki-soo,M
ki-sook,F
ki-suk,F
ki-sun,F
ki-sung,M
ki-tae,M
ki-woo,M
ki-woong,M
ki-yong,M
ki-young,M
kil nam,M
kil soon,F
kil-nam,M
kil-soon,F
ku chul,M
ku-chul,M
kum hwa,F
kum ja,F
kum-hwa,F
kum-ja,F
kun woo,M
kun yong,M
kun-woo,M
kun-yong,M
kwan soo,M
kwan woo,M
kwan-soo,M
kwan-woo,M
kwang cho,M
kwang hee,F
kwang ho,M
kwang hoon,M
kwang hwan,M
kwang hyok,M
kwang hyun,M
kwang il,M
kwang ja,F
kwang jin,M
kwang jo,M
kwang joon,M
kwang min,M
kwang seok,M
kwang seon,M
kwang shik,M
kwang sik,M
kwang soo,M
kwang su,M
kwang suk,M
kwang sun,F
kwang tae,M
kwang woo,M
kwang-cho,M
kwang-hee,F
kwang-ho,M
kwang-hoon,M
kwang-hwan,M
kwang-hyok,M
kwang-hyun,M
kwang-il,M
kwang-ja,F
kwang-jin,M
kwang-jo,M
kwang-joon,M
kwang-min,M
kwang-seok,M
kwang-seon,M
kwang-shik,M
kwang-sik,M
kwang-soo,M
kwang-su,M
kwang-suk,M
kwang-sun,F
kwang-tae,M
kwang-woo,M
kwi nam,M
kwi-nam,M
ky,M
kyeong,F
kyong ae,F
kyong chol,M
kyong ho,M
kyong hui,F
kyong hwa,F
kyong ok,F
kyong sok,M
kyong taek,M
kyong-ae,F
kyong-chol,M
kyong-ho,M
kyong-hui,F
kyong-hwa,F
kyong-ok,F
kyong-sok,M
kyong-taek,M
kyoung hwan,M
kyoung ja,F
kyoung jae,M
kyoung jun,M
kyoung soon,F
kyoung sun,F
kyoung-hwan,M
kyoung-ja,F
kyoung-jae,M
kyoung-jun,M
kyoung-soon,F
kyoung-sun,F
kyu chul,M
kyu-chul,M
kyun,M
kyun suk,F
kyun-suk,F
kyung,F
kyung ae,F
kyung ah,F
kyung chul,M
kyung gu,M
kyung hee,F
kyung ho,M
kyung hwa,F
kyung hwan,M
kyung il,M
kyung ja,F
kyung jae,M
kyung jin,F
kyung joon,M
kyung ju,F
kyung jun,M
kyung mi,F
kyung min,M
kyung mo,M
kyung oan,M
kyung ok,F
kyung seok,M
kyung shin,M
kyung soo,M
kyung sook,F
kyung soon,F
kyung suk,M
kyung sun,F
kyung tae,M
kyung taek,M
kyung wan,M
kyung wha,F
kyung-ae,F
kyung-ah,F
kyung-chul,M
kyung-gu,M
kyung-hee,F
kyung-ho,M
kyung-hwa,F
kyung-hwan,M
kyung-il,M
kyung-ja,F
kyung-jae,M
kyung-jin,F
kyung-joon,M
kyung-ju,F
kyung-jun,M
kyung-mi,F
kyung-min,M
kyung-mo,M
kyung-oan,M
kyung-ok,F
kyung-seok,M
kyung-shin,M
kyung-soo,M
kyung-sook,F
kyung-soon,F
kyung-suk,M
kyung-sun,F
kyung-tae,M
kyung-taek,M
kyung-wan,M
kyung-wha,F
lan young,F
lan-young,F
lee kyung,F
lee-kyung,F
man seok,M
man shik,M
man sik,M
man soo,M
man su,M
man young,M
man-seok,M
man-shik,M
man-sik,M
man-soo,M
man-su,M
man-young,M
mee hee,F
mee young,F
mee-hee,F
mee-young,F
mi ae,F
mi gyeong,F
mi gyong,F
mi hea,F
mi hee,F
mi hyang,F
mi hyun,F
mi ja,F
mi jeong,F
mi jin,F
mi jung,F
mi kyung,F
mi la,F
mi ok,F
mi ran,F
mi ri,F
mi sook,F
mi soon,F
mi suk,F
mi sun,F
mi yeon,F
mi yong,F
mi young,F
mi yun,F
mi-ae,F
mi-gyeong,F
mi-gyong,F
mi-hea,F
mi-hee,F
mi-hyang,F
mi-hyun,F
mi-ja,F
mi-jeong,F
mi-jin,F
mi-jung,F
mi-kyung,F
mi-la,F
mi-ok,F
mi-ran,F
mi-ri,F
mi-sook,F
mi-soon,F
mi-suk,F
mi-sun,F
mi-yeon,F
mi-yong,F
mi-young,F
mi-yun,F
mik,M
mimi,F
mims,F
min,M
min a,F
min chol,M
min chul,M
min chule,M
min gyu,M
min hee,F
min ho,M
min hwan,M
min hyuk,M
min ja,F
min jae,M
min jee,F
min jeong,F
min ji,F
min joon,M
min jung,F
min ki,M
min kyu,M
min kyung,F
min ok,F
min seo,F
min seok,M
min soo,M
min su,M
min suh,F
min suk,F
min sun,F
min woo,M
min young,F
min-a,F
min-chol,M
min-chul,M
min-chule,M
min-gyu,M
min-hee,F
min-ho,M
min-hwan,M
min-hyuk,M
min-ja,F
min-jae,M
min-jee,F
min-jeong,F
min-ji,F
min-joon,M
min-jung,F
min-ki,M
min-kyu,M
min-kyung,F
min-ok,F
min-seo,F
min-seok,M
min-soo,M
min-su,M
min-suh,F
min-suk,F
min-sun,F
min-woo,M
min-young,F
mina,F
mo,M
mog il,M
mog-il,M
moon ho,M
moon shik,M
moon sik,M
moon soo,M
moon-ho,M
moon-shik,M
moon-sik,M
moon-soo,M
mu yeol,M
mu-yeol,M
mun ja,F
mun shik,M
mun sik,M
mun-ja,F
mun-shik,M
mun-sik,M
myeong suk,F
myeong-suk,F
myong hwa,F
myong hyok,M
myong nam,M
myong ok,F
myong sook,F
myong sun,F
myong-hwa,F
myong-ok,F
myong-sook,F
myong-sun,F
myoung ok,F
myoung-ok,F
myung bok,M
myung chul,M
myung hee,F
myung hoon,M
myung hun,M
myung hwa,F
myung hwan,M
myung ja,F
myung jin,M
myung ki,M
myung ok,F
myung sik,M
myung soo,M
myung sook,F
myung soon,F
myung suk,F
myung yong,M
myung-bok,M
myung-chul,M
myung-hee,F
myung-hoon,M
myung-hun,M
myung-hwa,F
myung-hwan,M
myung-ja,F
myung-jin,M
myung-ki,M
myung-ok,F
myung-sik,M
myung-soo,M
myung-sook,F
myung-soon,F
myung-suk,F
myung-yong,M
na ri,F
na young,F
na-ri,F
na-young,F
nam gi,M
nam gon,M
nam ho,M
nam hyun,M
nam il,M
nam joon,M
nam ki,M
nam kil,M
nam soo,M
nam soon,F
nam sun,F
nam-gi,M
nam-gon,M
nam-ho,M
nam-hyun,M
nam-il,M
nam-joon,M
nam-ki,M
nam-kil,M
nam-soo,M
nam-soon,F
nam-sun,F
,F
nana,F
nari,F
oh seong,M
oh-seong,M
ok,F
ok bun,F
ok hee,F
ok hui,F
ok ja,F
ok ki,F
ok kyung,F
ok song,F
ok soo,F
ok soon,F
ok sun,F
ok-bun,F
ok-hee,F
ok-hui,F
ok-ja,F
ok-ki,F
ok-kyung,F
ok-song,F
ok-soo,F
ok-soon,F
ok-sun,F
one,F
ook soo,M
ook-soo,M
pan seok,M
pan-seok,M
pok ja,F
pok-ja,F
pyong ho,M
pyong-ho,M
rai jung,M
rai-jung,M
ran,F
ryong,F
ryong joon,M
ryong jun,M
ryong-joon,M
ryong-jun,M
sa soon,F
sa-soon,F
sae duk,M
sae-duk,M
sam yong,M
sam-yong,M
sang ah,F
sang chul,M
sang do,M
sang don,M
sang hee,F
sang ho,M
sang hoon,M
sang hun,M
sang hyuk,M
sang hyun,M
sang il,M
sang jin,M
sang joon,M
sang jun,M
sang ki,M
sang kyu,M
sang mi,F
sang rak,M
sang soo,M
sang sook,F
sang su,M
sang suk,F
sang tae,M
sang un,M
sang won,M
sang woo,M
sang wook,M
sang-ah,F
sang-chul,M
sang-do,M
sang-don,M
sang-hee,F
sang-ho,M
sang-hoon,M
sang-hun,M
sang-hyuk,M
sang-hyun,M
sang-il,M
sang-jin,M
sang-joon,M
sang-jun,M
sang-ki,M
sang-kyu,M
sang-mi,F
sang-rak,M
sang-soo,M
sang-sook,F
sang-su,M
sang-suk,F
sang-tae,M
sang-un,M
sang-won,M
sang-woo,M
sang-wook,M
sangdong,M
sangheum,M
se eun ms,F
se hoon,M
se hun,M
se pyong,M
se yoon,M
se youn,F
se young,F
se-eun(ms.),F
se-eun (ms.),F
se-hoon,M
se-hun,M
se-yoon,M
se-youn,F
se-young,F
sei,F
sei hoon,M
sei-hoon,M
seng yong,M
seng-yong,M
seo hyeon,F
seo hyun,F
seo joon,M
seo jun,M
seo yeon,F
seo yoon,F
seo yun,F
seo-hyeon,F
seo-hyun,F
seo-joon,M
seo-jun,M
seo-yeon,F
seo-yoon,F
seo-yun,F
seok ho,M
seok joo,M
seok ju,M
seok won,M
seok-ho,M
seok-joo,M
seok-ju,M
seok-won,M
seol hee,F
seol-hee,F
seon hee,F
seon hwa,F
seon joo,F
seon mi,F
seon ok,F
seon woo,M
seon young,F
seon-hee,F
seon-hwa,F
seon-joo,F
seon-mi,F
seon-ok,F
seon-woo,M
seon-young,F
seong eun,F
seong ha,M
seong hee,F
seong ho,M
seong hoon,M
seong hun,M
seong hwan,M
seong il,M
seong ja,F
seong jae,M
seong jin,M
seong ki,M
seong min,M
seong ok,F
seong soo,M
seong su,M
seong tai,M
seong won,M
seong woo,M
seong yong,M
seong-eun,F
seong-ha,M
seong-hee,F
seong-ho,M
seong-hoon,M
seong-hun,M
seong-hwan,M
seong-il,M
seong-ja,F
seong-jae,M
seong-jin,M
seong-ki,M
seong-min,M
seong-ok,F
seong-soo,M
seong-su,M
seong-tai,M
seong-won,M
seong-woo,M
seong-yong,M
seoung il,M
seoung-il,M
seul ki,F
seul-ki,F
seung ah,F
seung cheol,M
seung chul,M
seung gi,M
seung gu,M
seung heon,M
seung ho,M
seung hoon,M
seung hun,M
seung hwan,M
seung hyun,M
seung il,M
seung in,M
seung jae,M
seung joon,M
seung jun,M
seung ki,M
seung min,M
seung mu,M
seung soo,M
seung tae,M
seung won,M
seung woo,M
seung yoon,M
seung-ah,F
seung-cheol,M
seung-chul,M
seung-gi,M
seung-gu,M
seung-heon,M
seung-ho,M
seung-hoon,M
seung-hun,M
seung-hwan,M
seung-hyun,M
seung-il,M
seung-in,M
seung-jae,M
seung-joon,M
seung-jun,M
seung-ki,M
seung-min,M
seung-mu,M
seung-soo,M
seung-tae,M
seung-won,M
seung-woo,M
seung-yoon,M
shee hwan,M
shee-hwan,M
shi hyeong,M
shi woo,M
shi yeon,F
shi-hyeong,M
shi-woo,M
shi-yeon,F
shin hye,F
shin sook,F
shin-hye,F
shin-sook,F
si u,M
si woo,M
si yeon,F
si-u,M
si-woo,M
si-yeon,F
sik,M
sin ja,F
sin young,F
sin-ja,F
sin-young,F
so hee,F
so hwan,M
so hyun,F
so jin,F
so jung,F
so mi,F
so ra,F
so won,F
so yeon,F
so yi,F
so yong,F
so youn,F
so young,F
so yun,F
so-hee,F
so-hwan,M
so-hyun,F
so-jin,F
so-jung,F
so-mi,F
so-ra,F
so-won,F
so-yeon,F
so-yi,F
so-yong,F
so-youn,F
so-young,F
so-yun,F
sojeong ms,F
sojeong(ms.),F
sojeong (ms.),F
sok ju,M
sok-ju,M
son,M
son kyung,F
son ok,F
son-kyung,F
son-ok,F
song chol,M
song gun,M
song hee,F
song jin,M
song nam,M
song ok,F
song yi,F
song-chol,M
song-gun,M
song-hee,F
song-jin,M
song-nam,M
song-ok,F
song-yi,F
soo ah,F
soo bok,M
soo geun,M
soo ja,F
soo ji,F
soo jin,F
soo jung,F
soo kyung,F
soo mi,F
soo nam,M
soo ok,F
soo seon,F
soo yong,F
soo youn,F
soo-ah,F
soo-bok,M
soo-geun,M
soo-ja,F
soo-ji,F
soo-jin,F
soo-jung,F
soo-kyung,F
soo-mi,F
soo-nam,M
soo-ok,F
soo-seon,F
soo-yong,F
soo-youn,F
sook,F
sook hee,F
sook ja,F
sook-hee,F
sook-ja,F
soon ae,F
soon bok,F
soon deok,F
soon duk,F
soon hee,F
soon ho,M
soon hwa,F
soon ja,F
soon kil,M
soon oh,M
soon ok,F
soon ye,F
soon young,F
soon-ae,F
soon-bok,F
soon-deok,F
soon-duk,F
soon-hee,F
soon-ho,M
soon-hwa,F
soon-ja,F
soon-kil,M
soon-oh,M
soon-ok,F
soon-ye,F
soon-young,F
sora,F
soung bun,M
soung-bun,M
su,F
su a,F
su jin,F
su mi,F
su ok,F
su yeon,F
su yun,F
su-a,F
su-jin,F
su-mi,F
su-ok,F
su-yeon,F
su-yun,F
suk ho,M
suk hoon,M
suk hwan,M
suk il,M
suk ja,F
suk jae,M
suk ju,M
suk soon,F
suk tae,M
suk won,M
suk-ho,M
suk-hoon,M
suk-hwan,M
suk-il,M
suk-ja,F
suk-jae,M
suk-ju,M
suk-soon,F
suk-tae,M
suk-won,M
sun ae,F
sun ah,F
sun chul,M
sun hee,F
sun ho,M
sun hui,F
sun hwa,F
sun ja,F
sun ju,F
sun jung,F
sun kyung,F
sun mi,F
sun ok,F
sun woo,M
sun young,F
sun-ae,F
sun-ah,F
sun-chul,M
sun-hee,F
sun-ho,M
sun-hui,F
sun-hwa,F
sun-ja,F
sun-ju,F
sun-jung,F
sun-kyung,F
sun-mi,F
sun-ok,F
sun-woo,M
sun-young,F
sung ae,F
sung bin,M
sung chol,M
sung chul,M
sung chun,M
sung eun,F
sung gi,M
sung guam,M
sung ha,M
sung hee,F
sung ho,M
sung hoon,M
sung hun,M
sung hwan,M
sung hyun,M
sung il,M
sung ja,F
sung jae,M
sung ji,F
sung jin,M
sung joon,M
sung ju,F
sung jun,M
sung jung,M
sung keun,M
sung ki,M
sung kil,M
sung kuk,M
sung kwan,M
sung kyu,M
sung mi,F
sung min,M
sung mo,M
sung nam,M
sung sik,M
sung soo,M
sung sook,F
sung taek,M
sung uk,M
sung won,M
sung woo,M
sung wook,M
sung yong,M
sung-ae,F
sung-bin,M
sung-chol,M
sung-chul,M
sung-chun,M
sung-eun,F
sung-gi,M
sung-guam,M
sung-ha,M
sung-hee,F
sung-ho,M
sung-hoon,M
sung-hun,M
sung-hwan,M
sung-hyun,M
sung-il,M
sung-ja,F
sung-jae,M
sung-ji,F
sung-jin,M
sung-joon,M
sung-ju,F
sung-jun,M
sung-jung,M
sung-keun,M
sung-ki,M
sung-kil,M
sung-kuk,M
sung-kwan,M
sung-kyu,M
sung-mi,F
sung-min,M
sung-mo,M
sung-nam,M
sung-sik,M
sung-soo,M
sung-sook,F
sung-taek,M
sung-uk,M
sung-won,M
sung-woo,M
sung-wook,M
sung-yong,M
sungyeol,M
swoo geun,M
swoo-geun,M
tae,M
tae hee,F
tae ho,M
tae hoon,M
tae hun,M
tae hwan,M
tae hyun,M
tae il,M
tae jin,M
tae joon,M
tae jun,M
tae jung,M
tae kun,M
tae kwon,M
tae kyun,M
tae seok,M
tae sik,M
tae sok,M
tae song,M
tae soo,M
tae suk,F
tae sung,M
tae uk,M
tae won,M
tae woo,M
tae wook,M
tae woong,M
tae yong,M
tae young,M
tae-hee,F
tae-ho,M
tae-hoon,M
tae-hun,M
tae-hwan,M
tae-hyun,M
tae-il,M
tae-jin,M
tae-joon,M
tae-jun,M
tae-jung,M
tae-kun,M
tae-kwon,M
tae-kyun,M
tae-seok,M
tae-sik,M
tae-sok,M
tae-song,M
tae-soo,M
tae-suk,F
tae-sung,M
tae-uk,M
tae-won,M
tae-woo,M
tae-wook,M
tae-woong,M
tae-yong,M
tae-young,M
taeyong,M
tai,M
tong ha,M
tong hoon,M
tong hyok,M
tong il,M
tong-ha,M
tong-hoon,M
tong-hyok,M
tong-il,M
u jin,M
u-jin,M
uk,M
un byol,F
un gyong,F
un jong,F
un ju,F
un sil,F
un sook,F
un suk,F
un-byol,F
un-gyong,F
un-jong,F
un-ju,F
un-sil,F
un-sook,F
un-suk,F
urara,F
vu,M
wan chung,M
wan soo,M
wan-chung,M
wan-soo,M
won,M
won bae,M
won chol,M
won chul,M
won ho,M
won hui,F
won il,M
won jae,M
won jung,M
won keun,M
won ki,M
won shik,M
won sik,M
won tae,M
won yong,M
won young,M
won-bae,M
won-chol,M
won-chul,M
won-ho,M
won-hui,F
won-il,M
won-jae,M
won-jung,M
won-keun,M
won-ki,M
won-shik,M
won-sik,M
won-tae,M
won-yong,M
won-young,M
woo jin,M
woo ryong,M
woo suk,M
woo sung,M
woo-jin,M
woo-ryong,M
woo-suk,M
woo-sung,M
wook,M
woon sung,M
woon-sung,M
yang hee,F
yang soon,F
yang-hee,F
yang-soon,F
ye eun,F
ye ji,F
ye jin,F
ye joon,M
ye rin,F
ye seo,F
ye won,F
ye-eun,F
ye-ji,F
ye-jin,F
ye-joon,M
ye-rin,F
ye-seo,F
ye-won,F
yea ji,F
yea-ji,F
yeo jin,F
yeo-jin,F
yeon hee,F
yeon oh,M
yeon ok,F
yeon seok,M
yeon-hee,F
yeon-oh,M
yeon-ok,F
yeon-seok,M
yeonchul,M
yeong cheol,M
yeong gi,M
yeong ho,M
yeong hui,F
yeong hwan,M
yeong ja,F
yeong ki,M
yeong soon,F
yeong su,M
yeong suk,F
yeong-cheol,M
yeong-gi,M
yeong-ho,M
yeong-hui,F
yeong-hwan,M
yeong-ja,F
yeong-ki,M
yeong-soon,F
yeong-su,M
yeong-suk,F
yeun hee,F
yeun-hee,F
yi kyung,F
yi man,M
yi-kyung,F
yi-man,M
yo han,M
yo-han,M
yon,M
yon ok,F
yon-ok,F
yong,M
yong ae,F
yong bum,M
yong chan,M
yong chol,M
yong chul,M
yong gi,M
yong han,M
yong hee,F
yong hi,F
yong ho,M
yong hui,F
yong hwan,M
yong ig,M
yong ja,F
yong jae,M
yong joon,M
yong ju,F
yong jun,M
yong ki,M
yong kwon,M
yong mi,F
yong min,M
yong nam,M
yong oh,M
yong ok,F
yong seok,M
yong sik,M
yong soo,M
yong sook,F
yong soon,F
yong su,M
yong sun,F
yong sung,M
yong tae,M
yong u,M
yong woon,M
yong-ae,F
yong-bum,M
yong-chan,M
yong-chol,M
yong-chul,M
yong-gi,M
yong-han,M
yong-hee,F
yong-hi,F
yong-ho,M
yong-hui,F
yong-hwan,M
yong-ig,M
yong-ja,F
yong-jae,M
yong-joon,M
yong-ju,F
yong-jun,M
yong-ki,M
yong-kwon,M
yong-mi,F
yong-min,M
yong-nam,M
yong-oh,M
yong-ok,F
yong-seok,M
yong-sik,M
yong-soo,M
yong-sook,F
yong-soon,F
yong-su,M
yong-sun,F
yong-sung,M
yong-tae,M
yong-woon,M
yongju,M
yoo gun,M
yoo jung,F
yoo kyung,F
yoo-gun,M
yoo-jung,F
yoo-kyung,F
yoon hee,F
yoon ja,F
yoon jung,F
yoon kook,M
yoon ku,M
yoon ok,F
yoon seo,F
yoon seok,M
yoon sook,F
yoon sung,M
yoon-hee,F
yoon-ja,F
yoon-jung,F
yoon-kook,M
yoon-ku,M
yoon-ok,F
yoon-seo,F
yoon-seok,M
yoon-sook,F
yoon-sung,M
youn bae,M
youn joo,F
youn soo,M
youn sook,F
youn suk,F
youn-bae,M
youn-joo,F
youn-soo,M
youn-sook,F
youn-suk,F
young,F
young ae,F
young bae,M
young bin,M
young bok,M
young chan,M
young cheol,M
young chul,M
young dae,M
young eun,F
young gi,M
young gil,M
young gyu,M
young ha,M
young hae,F
young hak,M
young hee,F
young hi,F
young ho,M
young hoon,M
young hui,F
young hwa,F
young hwan,M
young hye,M
young hyuk,M
young hyun,M
young il,M
young im,F
young ja,F
young jae,M
young jin,M
young joo,F
young joon,M
young ju,F
young jun,M
young kee,M
young ki,M
young kil,M
young kun,M
young kyu,M
young man,M
young mi,F
young min,M
young muk,M
young nam,M
young ok,F
young ran,F
young sam,M
young seop,M
young seung,M
young shik,M
young shim,F
young shin,F
young sik,M
young soo,M
young sook,F
young soon,F
young soung,M
young su,M
young suk,F
young sun,F
young sup,M
young tae,M
young taik,M
young uk,M
young wook,M
young-ae,F
young-bae,M
young-bin,M
young-bok,M
young-chan,M
young-cheol,M
young-chul,M
young-dae,M
young-eun,F
young-gi,M
young-gil,M
young-gyu,M
young-ha,M
young-hae,F
young-hak,M
young-hee,F
young-hi,F
young-ho,M
young-hoon,M
young-hui,F
young-hwa,F
young-hwan,M
young-hye,M
young-hyuk,M
young-hyun,M
young-il,M
young-im,F
young-ja,F
young-jae,M
young-jin,M
young-joo,F
young-joon,M
young-ju,F
young-jun,M
young-kee,M
young-ki,M
young-kil,M
young-kun,M
young-kyu,M
young-man,M
young-mi,F
young-min,M
young-muk,M
young-nam,M
young-ok,F
young-ran,F
young-sam,M
young-seop,M
young-seung,M
young-shik,M
young-shim,F
young-shin,F
young-sik,M
young-soo,M
young-sook,F
young-soon,F
young-soung,M
young-su,M
young-suk,F
young-sun,F
young-sup,M
young-tae,M
young-taik,M
young-uk,M
young-wook,M
yu chan,M
yu jin,F
yu kun,M
yu mi,F
yu-chan,M
yu-jin,F
yu-kun,M
yu-mi,F
yumi,F
yun cha,F
yun hee,F
yun hui,F
yun ji,F
yun ju,F
yun mi,F
yun seok,M
yun sook,F
yun suk,F
yun-cha,F
yun-hee,F
yun-hui,F
yun-ji,F
yun-ju,F
yun-mi,F
yun-seok,M
yun-sook,F
yun-suk,F
가겸,F
가나,F
가란,F
가람휘,F
가랑,F
가량,F
가련,F
가령,F
가론,M
가륜,F
가률,F
가름,F
가린,F
가미,F
가브리엘,M
가브리엘라,F
가비,F
가솔,F
가애,F
가야,F
가양,F
가언,F
가엘,M
가연,F
가영,F
가예,F
가온누리,M
가유,F
가은,F
가의,F
가이,F
가임,F
가자,F
가정,F
가준,M
가하,F
가향,F
가헌,M
가형,F
가혜,F
가호,M
가화,F
가훈,M
가휘,F
가흔,F
가희,F
갈렙,M
감비,F
감찬,M
강건,M
강국,M
강규,M
강균,M
강래,M
강록,M
강륜,M
강률,M
강리,F
강린,M
강모,M
강무,M
강문,M
강미,F
강별,F
강산,M
강석,M
강선,M
강섭,M
강성,M
강식,M
강아,F
강언,M
강영,M
강온,M
강우,M
강욱,M
강운,M
강원,M
강율,M
강인,M
강일,M
강자,F
강재,M
강준,M
강지,F
강진,M
강찬,M
강철,M
강표,M
강하,M
강한,M
강해,M
강헌,M
강혁,M
강혜,F
강호,M
강환,M
강후,M
강훈,M
건,M
건구,M
건국,M
건규,M
건녕,M
건도,M
건동,M
건록,M
건률,M
건명,M
건모,M
건무,M
건비,F
건빈,M
건상,M
건서,M
건승,M
건엽,M
건오,M
건용,M
건우,M
건욱,M
건웅,M
건원,M
건위,M
건유,M
건윤,M
건율,M
건일,M
건재,M
건준,M
건중,M
건진,M
건찬,M
건탁,M
건태,M
건표,M
건학,M
건한,M
건혁,M
건현,M
건형,M
건혜,F
건호,M
건홍,M
건회,M
건효,M
건후,M
건훈,M
겨루,M
겨운,M
견우,M
견후,M
결아,F
결애,F
결의,F
결이,F
결화,F
겸서,M
겸우,M
겸재,M
겸주,M
겸지,F
경건,M
경관,M
경구,M
경국,M
경규,M
경균,M
경근,M
경나,F
경난,F
경단,F
경대,M
경덕,M
경도,M
경돈,M
경동,M
경두,M
경란,F
경랑,F
경래,M
경량,F
경렬,M
경록,M
경률,M
경리,F
경림,F
경목,M
경무,M
경묵,M
경문,M
경미,F
경배,M
경범,M
경보,M
경석,M
경섭,M
경성,M
경숙,F
경순,F
경식,M
경신,M
경실,F
경아,F
경애,F
경엽,M
경오,M
경완,M
경용,M
경우,M
경욱,M
경운,M
경율,M
경의,F
경이,F
경일,M
경자,F
경재,M
경준,M
경지,F
경찬,M
경천,M
경탁,M
경태,M
경택,M
경표,M
경필,M
경하,M
경한,M
경헌,M
경혜,F
경호,M
경화,F
경환,M
경회,M
경효,M
경후,M
경훈,M
경휘,M
경흔,F
계령,F
계림,F
계영,F
계원,M
계자,F
고,M
고건,M
고경,F
고담,F
고든,M
고연,F
고영,F
고우리,F
고운별,F
고유,F
고윤,F
고은,F
고은별,F
고이,F
고현,F
고훈,M
고흔,F
곤,M
공,M
공명,M
공주,F
관,M
관규,M
관률,M
관민,M
관석,M
관수,M
관식,M
관영,M
관오,M
관용,M
관우,M
관욱,M
관웅,M
관유,M
관윤,M
관율,M
관준,M
관진,M
관태,M
관현,M
관형,M
관호,M
관후,M
관훈,M
관휘,M
광규,M
광덕,M
광렬,M
광명,M
광모,M
광미,F
광민,M
광범,M
광빈,M
광석,M
광선,M
광섭,M
광성,M
광수,M
광연,M
광열,M
광영,M
광우,M
광욱,M
광운,M
광원,M
광윤,M
광은,M
광자,F
광재,M
광제,M
광준,M
광진,M
광태,M
광혁,M
광현,M
광혜,F
광호,M
광훈,M
광휘,M
교령,F
교리,F
교린,F
교림,F
교범,M
교선,M
교성,M
교영,M
교이,F
교준,M
교찬,M
교하,M
구,M
구미,F
구민,M
구빈,M
구슬,F
구연,F
구원,M
구윤,M
구율,M
구준,M
구현,M
국,M
국영,M
국진,M
국현,M
국화,F
국환,M
국희,F
군,M
권,M
권능,M
권률,M
권민,M
권빈,M
권상,M
권서,F
권수,M
권아,F
권영,M
권용,M
권우,M
권욱,M
권율,M
권준,M
권하,F
권혁,M
권형,M
권호,M
권후,M
귀숙,F
귀순,F
귀애,F
귀영,F
귀옥,F
귀자,F
귀한,M
귀화,F
규건,M
규광,M
규나,F
규남,M
규대,M
규도,M
규돈,M
규동,M
규라,F
규란,F
규랑,F
규래,M
규련,F
규령,F
규리,F
규미,F
규백,M
규범,M
규보,M
규비,F
규상,M
규석,M
규선,M
규섭,M
규성,M
규승,M
규식,M
규아,F
규열,M
규엽,M
규오,M
규완,M
규용,M
규우,M
규이,F
규일,M
규종,M
규준,M
규찬,M
규철,M
규탁,M
규태,M
규택,M
규한,M
규헌,M
규혁,M
규형,M
규호,M
규홍,M
규환,M
규휘,F
균,M
균하,M
균호,M
그레,F
그레이스,F
근,M
근녕,F
근도,M
근령,F
근모,M
근미,F
근범,M
근비,F
근석,M
근수,M
근아,F
근애,F
근오,M
근용,M
근욱,M
근율,M
근이,F
근재,M
근정,F
근준,M
근찬,M
근태,M
근표,M
근혁,M
근혜,F
근호,M
근홍,M
근화,F
근환,M
근효,F
근후,M
근휘,M
글,F
글로리아,F
금강,M
금나,F
금령,F
금미,F
금비,F
금빈,F
금빛,F
금서,F
금선,F
금설,F
금송,F
금숙,F
금순,F
금실,F
금아,F
금영,F
금정,F
금주,F
금준,M
금지,F
금진,F
금찬,M
금채,F
금하,F
금향,F
금호,M
금화,F
금희,F
기강,M
기건,M
기경,F
기광,M
기나,F
기남,M
기담,M
기대,M
기덕,M
기돈,M
기란,F
기람,M
기련,F
기륜,M
기리,F
기린,F
기명,M
기문,M
기백,M
기범,M
기보,M
기산,M
기상,M
기서,M
기석,M
기섭,M
기성,M
기수,M
기승,M
기안,M
기애,F
기열,M
기예,F
기온,M
기완,M
기용,M
기우,M
기욱,M
기운,M
기웅,M
기자,F
기준,M
기중,M
기진,M
기찬,M
기창,M
기철,M
기탁,M
기태,M
기택,M
기표,M
기향,F
기헌,M
기혁,M
기혜,F
기호,M
기홍,M
기화,F
기환,M
기후,M
기훈,M
기희,F
길,M
길우,M
길원,M
길은,F
길현,M
길호,M
까롤리나,F
까밀라,F
꽃별,F
꽃비,F
꽃송이,F
꿈,F
나,F
나건,M
나검,F
나견,F
나교,F
나권,M
나균,M
나금,F
나나,F
나나미,F
나눔,F
나디아,F
나라찬,M
나람,F
나랑,F
나령,F
나륜,F
나률,F
나르샤,F
나리,F
나린,F
나림,F
나무,M
나미,F
나민,F
나별,F
나봄,F
나비,F
나빈,F
나빛,F
나샘,F
나선,F
나슬,F
나승,F
나아,F
나안,F
나앙,F
나애,F
나야,F
나언,F
나연,F
나영,F
나예,F
나오미,F
나울,F
나유,F
나은,F
나을,F
나음,F
나의,F
나이,F
나인,F
나일,M
나임,F
나정,F
나주,F
나준,M
나진,F
나탈리,F
나탈리아,F
나하,F
나해,F
나향,F
나혁,M
나형,F
나혜,F
나효,F
나후,F
나훈,M
나휘,F
나희,F
낙원,M
낙현,M
난,F
난경,F
난아,F
난영,F
난우,F
난희,F
남건,M
남결,M
남권,M
남규,M
남균,M
남기,M
남수,M
남순,F
남욱,M
남윤,M
남율,M
남은,F
남이,F
남일,M
남준,M
남진,M
남헌,M
남혁,M
남현,M
남형,M
남호,M
남효,F
남후,M
남훈,M
내경,F
내애,F
내영,F
내원,F
내윤,F
내은,F
내현,F
내희,F
노라,F
노영,F
노원,M
노은,F
노조미,F
노준,M
노하,F
누림,F
뉴리,F
늘봄,F
늘찬,M
늘해랑,F
니꼴라스,M
니나,F
니아,F
니콜,F
니콜라스,M
다건,M
다검,F
다결,F
다교,F
다금,F
다나,F
다녕,F
다늬,F
다니엘라,F
다님,F
다다,F
다담,F
다라,F
다란,F
다람,F
다래,F
다련,F
다령,F
다루,M
다률,F
다린,F
다림,F
다미,F
다미아,F
다별,F
다봄,F
다비다,F
다비드,M
다빗,M
다서,F
다선,F
다설,F
다성,M
다소,F
다솜,F
다송,F
다슬,F
다아,F
다애,F
다야,F
다연,F
다영,F
다예,F
다예나,F
다오,F
다와,F
다우리,F
다윈,M
다윗,M
다유,F
다음,F
다이,F
다이아나,F
다이애나,F
다일,M
다임,F
다정,F
다주,F
다준,M
다지,F
다찬,M
다해,F
다향,F
다혁,M
다혜,F
다홍,F
다환,M
다회,F
다효,F
다후,M
다희,F
단경,F
단미,F
단별,F
단빈,F
단아,F
단야,F
단열,M
단예,F
단은,F
단의,F
단이,F
단태,M
단테,M
단풍,F
단해,F
단현,F
단호,M
단홍,F
단효,F
달,F
달님,F
달래,F
달리,F
달빛,F
달아,F
달해,F
담덕,M
담미,F
담비,F
담서,F
담솔,F
담연,F
담온,F
담우,M
담유,F
담은,F
담주,F
담하,F
담호,M
담휘,F
닻별,F
대건,M
대겸,M
대관,M
대광,M
대교,M
대국,M
대권,M
대귀,M
대규,M
대균,M
대근,M
대기,M
대길,M
대니,M
대륜,M
대명,M
대민,M
대범,M
대산,M
대상,M
대석,M
대선,M
대섭,M
대성,M
대수,M
대승,M
대식,M
대아,M
대안,M
대양,M
대언,M
대엽,M
대오,M
대완,M
대용,M
대우,M
대욱,M
대운,M
대웅,M
대원,M
대유,M
대윤,M
대율,M
대익,M
대인,M
대일,M
대정,M
대준,M
대중,M
대지,M
대진,M
대찬,M
대철,M
대하,M
대한,M
대헌,M
대혁,M
대현,M
대협,M
대형,M
대호,M
대홍,M
대화,M
대환,M
대효,M
대후,M
대훈,M
대휘,M
덕경,F
덕규,M
덕기,M
덕민,M
덕수,M
덕연,F
덕영,M
덕용,M
덕우,M
덕원,M
덕윤,M
덕진,M
덕현,M
덕형,M
덕호,M
덕환,M
덕희,F
데니엘,M
데레사,F
데보라,F
데이비드,M
데이빗,M
도건,M
도결,M
도권,M
도규,M
도균,M
도근,M
도나,F
도도,F
도률,M
도린,F
도림,F
도명,M
도선,M
도성,M
도안,M
도양,M
도열,M
도엽,M
도예,F
도완,M
도용,M
도욱,M
도웅,M
도일,M
도임,F
도자,F
도정,F
도준,M
도한,M
도향,F
도혁,M
도협,M
도혜,F
도호,M
도화,F
도환,M
도회,M
도후,M
도훈,M
도훤,M
돈자,F
동,F
동건,M
동걸,M
동겸,M
동관,M
동교,M
동구,M
동국,M
동권,M
동규,M
동균,M
동근,M
동기,M
동길,M
동렬,M
동령,M
동륜,M
동률,M
동림,M
동명,M
동미,F
동범,M
동비,F
동석,M
동선,M
동섭,M
동성,M
동수,M
동식,M
동신,M
동안,M
동언,M
동열,M
동엽,M
동영,M
동오,M
동완,M
동욱,M
동운,M
동원,M
동율,M
동의,M
동익,M
동일,M
동재,M
동제,M
동준,M
동진,M
동찬,M
동채,M
동천,M
동철,M
동학,M
동한,M
동헌,M
동혁,M
동협,M
동형,M
동혜,F
동호,M
동환,M
동회,M
동효,M
동후,M
동훈,M
동흔,M
동흠,M
두겸,M
두관,M
두나,F
두람,M
두린,F
두산,M
두성,M
두아,F
두언,M
두영,M
두온,M
두용,M
두원,M
두윤,M
두율,M
두은,F
두이,F
두준,M
두진,M
두찬,M
두하,M
두한,M
두혁,M
두형,M
두호,M
두홍,M
두환,M
두희,M
드보라,F
든솔,M
디나,F
디아나,F
딜런,M
라,F
라건,M
라경,F
라금,F
라나,F
라니,F
라라,F
라리,F
라린,F
라미,F
라별,F
라봄,F
라비,F
라아,F
라안,F
라애,F
라연,F
라영,F
라예,F
라온제나,F
라우,M
라우라,F
라움,F
라유,F
라은,F
라을,F
라음,F
라이,F
라이언,M
라익,M
라인,F
라정,F
라준,M
라찬,M
라파엘,M
라한,M
라해,F
라헌,M
라헬,F
라혁,M
라혜,F
라호,M
라훈,M
락,M
락현,M
란,F
란경,F
란나,F
란아,F
란이,F
란주,F
란희,F
람희,F
랑아,F
랑이,F
랑희,F
래,F
래건,M
래나,F
래미,F
래아,F
래언,M
래연,F
래오,M
래율,F
래인,F
래준,M
래헌,M
래호,M
래환,M
래훈,M
량,M
량우,M
레나,F
레마,F
레미,F
레베카,F
레아,F
레오,M
레온,M
레이나,F
레이아,F
레이첼,F
레이카,F
레일라,F
레임,F
레지나,F
레하,F
렌,M
려,F
려경,F
려나,F
려미,F
려민,F
려빈,F
려아,F
려안,F
려언,F
려영,F
려온,F
려욱,M
려운,F
려울,F
려윤,F
려은,F
려음,F
려준,M
려진,F
려하,F
려한,M
려현,F
려화,F
려환,M
련,F
련아,F
련우,F
련희,F
령경,F
령나,F
령선,F
령실,F
령아,F
령원,F
령은,F
령자,F
령주,F
령하,F
령현,F
령혜,F
령화,F
령희,F
례나,F
례원,F
례은,F
로건,M
로경,F
로나,F
로니,F
로담,M
로라,F
로렌,F
로린,F
로미,F
로사,F
로연,F
로완,M
로을,F
로이스,F
로제,F
로준,M
로즈,F
로지,F
로한,M
로훈,M
록,M
록경,F
록담,F
록현,M
론,F
료,M
룡,M
루가,M
루겸,M
루경,F
루기,M
루나,F
루디,F
루디아,F
루라,F
루마,M
루미,F
루비,F
루시,F
루시아,F
루야,F
루연,F
루영,F
루오,M
루완,M
루은,F
루이스,M
루인,F
루지,F
루카스,M
루한,M
루호,M
루환,M
루휘,F
룩,M
룩희,M
룻,F
류,F
류가,F
류건,M
류경,F
류근,M
류나,F
류리,F
류비,F
류빈,F
류아,F
류연,F
류영,F
류은,F
류이,F
류정,F
류진,F
류한,M
류현,M
류호,M
류환,M
륜경,F
륜아,F
륜영,F
륜우,M
륜지,F
륜하,F
륜호,M
률,M
률리,F
률아,F
률이,F
률하,F
률희,F
르네,F
르미,F
름화,F
릉향,F
리가,F
리건,M
리겸,F
리경,F
리교,F
리나,F
리내,F
리노,M
리다,F
리담,F
리듬,F
리디아,F
리라,F
리란,F
리리,F
리린,F
리마,F
리미,F
리민,F
리보,F
리본,F
리브,F
리브가,F
리빈,F
리사,F
리서,F
리세,F
리소,F
리솔,F
리아,F
리아나,F
리암,M
리앙,F
리애,F
리앤,F
리야,F
리양,F
리연,F
리영,F
리예,F
리오나,F
리온,F
리완,M
리요,F
리은,F
리음,F
리이,F
리인,F
리자,F
리재,F
리정,F
리제,F
리주,F
리준,M
리지,F
리진,F
리찬,M
리채,F
리카,F
리코,F
리쿠,M
리해,F
리행,F
리향,F
리혜,F
리화,F
리환,M
리효,F
리훈,M
리희,F
린나,F
린다,F
린서,F
린아,F
린영,F
린유,F
린이,F
린지,F
린채,F
린하,F
린후,F
린희,F
릴리,F
릴리아나,F
릴리안,F
마나,F
마나미,F
마레,F
마루한,M
마리,F
마리나,F
마리솔,F
마리아,F
마리아나,F
마린,F
마미,F
마야,F
마오,F
마유,F
마유미,F
마의,F
마이,F
마이클,M
마준,M
만기,M
말순,F
말자,F
망,F
매리,F
매이,F
매튜,M
메구미,F
메리,F
메아리,F
메이,F
메이슨,M
멜로디,F
멜리사,F
명건,M
명경,F
명곤,M
명관,M
명구,M
명국,M
명권,M
명규,M
명균,M
명근,M
명금,F
명기,M
명길,M
명나,F
명도,M
명란,F
명리,F
명미,F
명범,M
명보,M
명석,M
명섭,M
명수,M
명숙,F
명순,F
명승,M
명식,M
명실,F
명아,F
명애,F
명옥,F
명우,M
명욱,M
명운,M
명유,F
명은,F
명이,F
명일,M
명자,F
명정,F
명제,M
명조,F
명종,M
명준,M
명찬,M
명철,M
명하,M
명한,M
명헌,M
명혜,F
명호,M
명화,F
명환,M
명후,M
명훈,M
모건,M
모경,F
모나,F
모네,F
모니카,F
모리,F
모린,F
모모,F
모빈,F
모세,M
모연,F
모윤,F
모은,F
모정,F
묘경,F
묘선,F
묘정,F
묘주,F
묘진,F
무,F
무강,M
무건,M
무결,M
무겸,M
무관,M
무궁,F
무권,M
무근,M
무비,F
무석,M
무성,M
무송,M
무승,M
무아,F
무엘,M
무연,M
무열,M
무영,M
무원,M
무율,M
무준,M
무찬,M
무창,M
무하,M
무헌,M
무혁,M
무현,M
무형,M
무호,M
무휼,M
문,M
문겸,M
문교,M
문규,M
문기,M
문별,F
문비,F
문빈,M
문석,M
문성,M
문솔,F
문수,M
문아,F
문정,F
문준,M
문찬,M
문채,F
문혁,M
문혜,F
문환,M
문희,F
물결,F
미,F
미가,F
미겸,F
미경,F
미공,F
미교,F
미구,F
미귀,F
미규,F
미근,F
미금,F
미기,F
미까엘라,F
미나,F
미나미,F
미노,M
미노리,F
미니,F
미담,F
미도,F
미도리,F
미라,F
미란,F
미람,F
미랑,F
미량,F
미려,F
미령,F
미례,F
미로,F
미리,F
미리내,F
미리별,F
미린,F
미림,F
미미,F
미민,F
미보,F
미빈,F
미사,F
미서,F
미선,F
미설,F
미성,F
미셀,F
미셸,F
미소,F
미솔,F
미솜,F
미송,F
미수,F
미숙,F
미순,F
미쉘,F
미승,F
미아,F
미앙,F
미야,F
미양,F
미엘,F
미여,F
미연,F
미영,F
미오,F
미옥,F
미온,F
미우,F
미월,F
미유,F
미윤,F
미율,F
미은,F
미자,F
미정,F
미조,F
미주,F
미즈키,F
미지,F
미진,F
미채,F
미카,F
미카엘,M
미키,F
미하,F
미하루,F
미해,F
미행,F
미향,F
미현,F
미형,F
미혜,F
미혜자,F
미호,F
미화,F
미후,F
미희,F
민강,M
민건,M
민걸,M
민곤,M
민관,M
민광,M
민구,M
민국,M
민권,M
민균,M
민근,M
민금,F
민나,F
민녕,F
민도,M
민들레,F
민디,F
민범,M
민별,F
민비,F
민빈,F
민산,M
민상,M
민석,M
민섭,M
민세,M
민소,F
민슬,F
민식,M
민아,F
민애,F
민열,M
민엽,M
민예,F
민옥,F
민완,M
민용,M
민욱,M
민웅,M
민윤,F
민은,F
민이,F
민전,F
민정,F
민종,M
민중,M
민창,M
민철,M
민체,F
민초,F
민탁,M
민태,M
민택,M
민트,F
민표,M
민학,M
민해,F
민헌,M
민혁,M
민협,M
민혜,F
민홍,F
민환,M
민훈,M
민흠,M
밀라,F
밀라나,F
바네사,F
바니,F
바로,M
바울,M
바이올렛,F
반석,M
반야,F
반희,F
발렌티나,F
밝음,F
방미,F
배근,M
배성,M
백,M
백건,M
백결,M
백겸,M
백민,M
백산,M
백준,M
백진,M
백찬,M
백현,M
백호,M
백화,F
백희,F
버들,F
범,M
범건,M
범관,M
범교,M
범구,M
범규,M
범균,M
범근,M
범기,M
범래,M
범모,M
범민,M
범서,M
범석,M
범성,M
범수,M
범승,M
범식,M
범용,M
범우,M
범종,M
범준,M
범중,M
범진,M
범찬,M
범창,M
범채,M
범철,M
범하,M
범한,M
범호,M
범희,M
베라,F
벧엘,F
별님,F
별림,F
별빛,F
별솔,F
별아,F
별이,F
별희,F
병건,M
병관,M
병국,M
병권,M
병규,M
병근,M
병기,M
병도,M
병률,M
병모,M
병무,M
병민,M
병서,M
병석,M
병선,M
병성,M
병수,M
병연,M
병오,M
병용,M
병우,M
병욱,M
병운,M
병윤,M
병율,M
병은,M
병인,M
병재,M
병제,M
병조,M
병주,M
병준,M
병지,M
병진,M
병찬,M
병철,M
병하,M
병학,M
병헌,M
병혁,M
병현,M
병호,M
병화,M
병환,M
병후,M
병훈,M
병휘,M
보,F
보강,M
보건,M
보검,M
보결,M
보광,M
보권,M
보균,M
보금,F
보나,F
보늬,F
보니,F
보듬,F
보라,F
보란,F
보령,F
보르미,F
보림,F
보문,M
보미,F
보비,F
보서,F
보솔,F
보송,F
보슬,F
보아,F
보아스,M
보애,F
보언,F
보예,F
보운,F
보원,M
보음,F
보이,F
보준,M
보찬,M
보하,F
보해,F
보형,M
보혜,F
보화,F
보훈,M
보희,F
복희,F
본민,M
본비,F
본서,M
본석,M
본승,M
본아,F
본영,M
본우,M
본유,M
본율,M
본이,F
본준,M
본진,M
본찬,M
본하,M
본혁,M
본호,M
본희,F
봄결,F
봄나,F
봄별,F
봄비,F
봄빛,F
봄솔,F
봄이,F
봄해,F
봄희,F
봉,F
봉규,M
봉균,M
봉근,M
봉수,M
봉준,M
봉진,M
부강,M
부건,M
부권,M
부근,M
부미,F
부민,F
부빈,F
부선,F
부승,M
부용,F
부진,F
부희,F
분홍,F
붕미,F
브라이언,M
브랜든,M
비가나,F
비경,F
비나,F
비단,F
비비,F
비비아나,F
비비안,F
비솔,F
비송,F
비아,F
비안,F
비앙카,F
비야,F
비오,M
비온,F
비주,F
비진,F
비찬,M
비채,F
비취,F
비치,F
빅토리아,F
빈나,F
빈아,F
빈주,F
빈희,F
빛고은,F
빛나,F
빛나라,F
빛나래,F
빛나리,F
빛누리,F
빛솔,F
빛여울,F
빛찬,M
빛하나,F
빛하늘,F
사강,F
사나,F
사라,F
사란,F
사량,F
사론,F
사리,F
사림,F
사만다,F
사명,M
사무엘,M
사미,F
사브리나,F
사비,F
사비나,F
사애,F
사언,F
사에,F
사영,F
사예,F
사우,F
사유,F
사은,F
사임,F
사쿠라,F
사키,F
사헌,M
사혜,F
사희,F
삭,M
산들,F
산우,M
산유,F
산율,M
산이,M
산해,M
산휘,M
상,M
상건,M
상겸,M
상곤,M
상구,M
상국,M
상권,M
상규,M
상균,M
상근,M
상기,M
상길,M
상대,M
상덕,M
상도,M
상록,M
상률,M
상린,F
상명,M
상목,M
상묵,M
상문,M
상미,F
상범,M
상석,M
상수,M
상열,M
상엽,M
상영,M
상오,M
상옥,M
상완,M
상용,M
상우,M
상욱,M
상운,M
상웅,M
상익,M
상인,M
상일,M
상재,M
상정,M
상제,M
상준,M
상찬,M
상천,M
상철,M
상태,M
상필,M
상학,M
상헌,M
상혁,M
상협,M
상형,M
상호,M
상환,M
상후,M
상훈,M
상휘,M
상흠,M
새나,F
새날,F
새라,F
새랑,F
새로미,F
새록,F
새론,F
새롬,F
새리,F
새린,F
새미,F
새빈,F
새솔,F
새아,F
새얀,F
새연,F
새움,F
새은,F
새이,F
새인,F
새진,F
새찬,M
새한,M
새해,F
새현,F
샐리,F
샘결,F
샘물,F
샘별,F
샤론,F
샤인,F
샬롯,F
서강,M
서건,M
서광,M
서교,F
서규,M
서균,M
서나,F
서녕,F
서라,F
서란,F
서람,F
서랑,F
서래,F
서량,F
서련,F
서령,F
서륜,F
서률,F
서리,F
서미,F
서민,F
서백,M
서범,M
서별,F
서봄,F
서비,F
서아,F
서애,F
서여,F
서예,F
서요,F
서욱,M
서울,F
서웅,M
서음,F
서의,F
서이,F
서익,M
서일,M
서임,F
서종,M
서중,M
서지,F
서찬,M
서향,F
서헌,M
서혁,M
서혜,F
서화,F
서환,M
서훈,M
서훤,M
서흔,F
석,M
석경,M
석규,M
석기,M
석모,M
석민,M
석범,M
석빈,M
석연,M
석용,M
석우,M
석원,M
석율,M
석인,M
석재,M
석준,M
석중,M
석진,M
석찬,M
석하,M
석한,M
석헌,M
석현,M
석형,M
석호,M
석화,F
석환,M
석훈,M
선관,M
선구,M
선국,M
선규,M
선균,M
선근,M
선기,M
선녀,F
선덕,F
선동,M
선령,F
선린,F
선모,M
선묵,M
선문,M
선미,F
선범,M
선별,F
선비,F
선아,F
선애,F
선양,F
선연,F
선엽,M
선예,F
선옥,F
선요,F
선용,M
선욱,M
선운,F
선웅,M
선은,F
선음,F
선이,F
선인,F
선일,M
선임,F
선자,F
선정,F
선종,M
선준,M
선중,M
선지,F
선찬,M
선태,M
선표,M
선학,M
선해,F
선행,M
선향,F
선혁,M
선현,F
선혜,F
선화,F
선환,M
선훈,M
선휘,M
선휴,F
선희,F
설기,F
설란,F
설리,F
설린,F
설림,F
설매,F
설미,F
설아,F
설안,F
설애,F
설연,F
설영,F
설예,F
설원,F
설윤,F
설은,F
설이,F
설인,F
설하,F
설혜,F
설호,M
설화,F
설희,F
섭,M
성건,M
성겸,M
성관,M
성광,M
성구,M
성국,M
성권,M
성규,M
성균,M
성근,M
성기,M
성길,M
성대,M
성덕,M
성도,M
성동,M
성락,M
성란,F
성래,M
성렬,M
성록,M
성룡,M
성률,M
성린,F
성림,M
성만,M
성모,M
성목,M
성무,M
성묵,M
성문,M
성미,F
성배,M
성백,M
성범,M
성보,M
성복,M
성비,F
성빈,M
성산,M
성숙,F
성식,M
성실,F
성안,M
성열,M
성엽,M
성예,F
성오,M
성옥,F
성온,M
성완,M
성요,F
성용,M
성우,M
성욱,M
성운,M
성웅,M
성음,F
성이,F
성익,M
성일,M
성임,F
성자,F
성재,M
성정,F
성제,M
성조,M
성종,M
성준,M
성중,M
성찬,M
성창,M
성천,M
성철,M
성탁,M
성태,M
성택,M
성표,M
성필,M
성학,M
성한,M
성향,F
성헌,M
성혁,M
성협,M
성혜,F
성호,M
성환,M
성후,M
성훈,M
성흔,M
성흠,M
세강,M
세건,M
세겸,M
세계,M
세광,M
세교,F
세권,M
세규,M
세동,M
세라,F
세란,F
세레나,F
세련,F
세론,F
세롬,F
세름,F
세리,F
세리나,F
세미,F
세범,M
세벽,F
세별,F
세본,F
세봄,F
세비,F
세상,M
세성,M
세솔,F
세실,F
세실리아,F
세안,F
세양,F
세열,M
세엽,M
세오,M
세완,M
세용,M
세욱,M
세웅,M
세을,F
세의,F
세이나,F
세익,M
세일,M
세임,F
세잎,F
세종,M
세준,M
세중,M
세지,F
세찬,M
세창,M
세향,F
세헌,M
세혁,M
세호,M
세환,M
세훈,M
세흠,M
셀라,F
셀리나,F
셀린,F
션,M
소나,F
소니아,F
소단,F
소란,F
소람,F
소랑,F
소래,F
소령,F
소률,F
소린,F
소림,F
소미,F
소백합,F
소봄,F
소비,F
소선,F
소성,F
소슬,F
소아,F
소야,F
소양,F
소언,F
소엘,F
소여,F
소연,F
소영,F
소예,F
소온,F
소완,F
소요,F
소월,F
소은,F
소을,F
소의,F
소이,F
소인,F
소전,F
소정,F
소준,M
소찬,M
소피,F
소피아,F
소해,F
소향,F
소형,F
소혜,F
소홍,F
소화,F
소후,F
소휘,F
소흔,F
소희,F
손비,F
손아,F
손유,F
솔기,F
솔담,F
솔라,F
솔리,F
솔린,F
솔림,F
솔립,F
솔미,F
솔별,F
솔비,F
솔빛,F
솔아,F
솔원,F
솔유,F
솔윤,F
솔은,F
솔이,F
솔인,F
솔잎,F
솔정,F
솔지,F
솔진,F
솔찬,M
솔해,F
솔현,F
솔화,F
솔휘,F
솜,F
솜결,F
솜귤,F
솜이,F
송경,F
송림,F
송미,F
송비,F
송아,F
송연,F
송은,F
송이,F
송인,F
송재,F
송정,F
송준,M
송지,F
송찬,M
송채,F
송하,F
송헌,M
송화,F
송효,F
송훈,M
송휘,F
송희,F
수강,F
수겸,M
수관,M
수광,M
수교,F
수기,M
수나,F
수담,F
수라,F
수란,F
수람,F
수련,F
수로,M
수린,F
수만,M
수명,M
수미,F
수범,M
수복,M
수비,F
수산나,F
수석,M
수성,M
수애,F
수야,F
수양,F
수엘,F
수열,M
수엽,M
수예,F
수옥,F
수온,F
수용,M
수운,F
수웅,M
수이,F
수일,M
수임,F
수자,F
수재,M
수정,F
수종,M
수주,F
수지,F
수찬,M
수창,M
수철,M
수피아,F
수향,F
수헌,M
수혁,M
수혜,F
수훈,M
수휘,F
숙경,F
숙미,F
숙영,F
숙자,F
숙현,F
숙혜,F
숙희,F
순,M
순경,F
순규,M
순례,F
순미,F
순범,M
순비,F
순빈,M
순성,M
순수,F
순신,M
순아,F
순옥,F
순용,M
순우,M
순욱,M
순율,M
순이,F
순일,M
순자,F
순재,M
순정,F
순종,M
순주,F
순준,M
순지,F
순찬,M
순철,M
순향,F
순혁,M
순현,M
순형,M
순혜,F
순호,M
순화,F
순후,M
순희,F
숲,F
슈아,F
스라,F
스완,F
스카이,F
스카이하늘,F
스카일러,F
스칼렛,F
스테파니,F
스텔라,F
슬리,F
슬미,F
슬비,F
슬아,F
슬아라,F
슬영,F
슬예,F
슬옹,M
슬원,F
슬이,F
슬인,F
슬지,F
슬찬,M
슬하,F
슬해,F
슬혜,F
슬호,M
슬희,F
승,M
승건,M
승결,M
승겸,M
승곤,M
승관,M
승교,M
승구,M
승국,M
승권,M
승규,M
승균,M
승근,M
승기,M
승남,M
승덕,M
승도,M
승돈,M
승래,M
승렬,M
승록,M
승룡,M
승률,M
승만,M
승명,M
승모,M
승목,M
승무,M
승묵,M
승미,F
승배,M
승백,M
승범,M
승보,M
승석,M
승섭,M
승수,M
승식,M
승신,F
승애,F
승열,M
승엽,M
승예,F
승오,M
승옥,F
승완,M
승용,M
승욱,M
승운,M
승율,M
승이,F
승일,M
승제,M
승조,M
승종,M
승준,M
승직,M
승찬,M
승창,M
승철,M
승탁,M
승태,M
승택,M
승표,M
승필,M
승학,M
승한,M
승헌,M
승혁,M
승협,M
승형,M
승혜,F
승호,M
승환,M
승회,M
승후,M
승훈,M
승휴,M
시권,M
시나,F
시내,F
시노,F
시담,M
시라,F
시랑,F
시명,F
시목,M
시몬,M
시무,M
시문,M
시백,M
시빈,F
시선,F
시애,F
시야,F
시양,M
시열,M
시예,F
시오리,F
시와,F
시용,M
시욱,M
시웅,M
시을,F
시이,F
시인,F
시정,F
시찬,M
시한,M
시향,F
시혁,M
시혜,F
시환,M
시황,M
시훈,M
시희,F
신겸,M
신디,F
신명,M
신미,F
신범,M
신서,F
신성,M
신아,F
신애,F
신엽,M
신예,F
신오,M
신욱,M
신웅,M
신윤,F
신은,F
신일,M
신정,F
신주,F
신준,M
신해,F
신혁,M
신혜,F
신화,M
실로,F
실리,F
실화,F
심,F
심결,F
심미,F
심비,F
심애,F
심우,F
써니,F
썸머,F
아경,F
아기,F
아나,F
아나이스,F
아드리아나,F
아라,F
아량,F
아련,F
아령,F
아로미,F
아롬,F
아률,F
아르미,F
아리,F
아리사,F
아리솔,F
아리아,F
아리아나,F
아리영,F
아림,F
아립,F
아멜리,F
아멜리아,F
아미,F
아미나,F
아미라,F
아밀리아,F
아별,F
아비가일,F
아비게일,F
아선,F
아소,F
아솜,F
아송,F
아수,F
아야나,F
아야노,F
아야카,F
아언,F
아연,F
아영,F
아요,F
아유,F
아은,F
아이,F
아이나,F
아이라,F
아이리,F
아이리스,F
아이린,F
아이비,F
아이샤,F
아일,M
아일라,F
아일렌,F
아일린,F
아임,F
아정,F
아주,F
아중,F
아지,F
아침,F
아카리,F
아해,F
아형,F
아혜,F
아희,F
아흰,F
아힘,F
안,F
안교,F
안나,F
안드레아,F
안리,F
안비,F
안아,F
안젤라,F
안젤리나,F
안주,F
안지,F
안진,F
안희,F
알렉산더,M
알렉산드라,F
알렉스,M
알리,M
알리샤,F
알리시아,F
알리야,F
알음,F
애경,F
애나,F
애나벨,F
애니,F
애다,F
애담,F
애라,F
애란,F
애랑,F
애련,F
애령,F
애리,F
애리카,F
애린,F
애림,F
애마,F
애미,F
애민,F
애비게일,F
애솔,F
애숙,F
애순,F
애쉴리,F
애슐리,F
애슬,F
애실,F
애심,F
애영,F
애은,F
애자,F
애정,F
애주,F
애지,F
애진,F
애향,F
애현,F
애화,F
애희,F
앤,F
앤드류,M
앤디,M
앤지,F
앨리,F
앨리샤,F
앨리스,F
앨리슨,F
앰버,F
야곱,M
야나,F
야스민,F
야엘,F
양미,F
양수,M
양순,F
양애,F
양우,M
양자,F
양지,F
양채,F
양태,M
양현,M
양화,F
양훈,M
어람,F
어준,M
언교,F
언비,F
언서,F
언약,M
언우,M
언주,F
언준,M
언지,F
언호,M
언희,F
엄지,F
에나,F
에단,M
에드워드,M
에리나,F
에리카,F
에릭,M
에린,F
에밀리,F
에밀리아,F
에바,F
에반,M
에블린,F
에셀,F
에슐리,F
에스더,F
에스터,F
에스텔,F
에스텔라,F
에이다,F
에이든,M
에이미,F
에일리,F
에일린,F
엔젤,F
엔젤라,F
엘라,F
엘렌,F
엘리,F
엘리나,F
엘리사,F
엘리사벳,F
엘리샤,F
엘리스,F
엘리슨,F
엘리시아,F
엘리아,F
엘리아나,F
엘리자베스,F
엘린,F
엘사,F
엠마,F
여강,F
여경,F
여나,F
여담,F
여라,F
여란,F
여랑,F
여래,F
여령,F
여루,F
여리,F
여린,F
여림,F
여미,F
여빈,F
여산,M
여선,F
여솔,F
여안,F
여연,F
여온,F
여윤,F
여은,F
여을,F
여음,F
여의,F
여정,F
여주,F
여지,F
여찬,M
여하,F
여해,F
여현,F
여호수아,M
여화,F
여훈,M
여희,F
연경,F
연교,F
연담,M
연림,F
연미,F
연범,M
연비,F
연상,M
연석,M
연선,F
연섭,M
연솔,F
연송,F
연숙,F
연슬,F
연식,M
연아,F
연영,F
연옥,F
연욱,M
연웅,M
연원,F
연유,F
연은,F
연음,F
연의,F
연이,F
연정,F
연조,F
연종,M
연지,F
연찬,M
연채,F
연철,M
연태,M
연택,M
연학,M
연혜,F
연홍,F
연화,F
연환,M
연효,F
연훈,M
연흠,M
열,M
열매,F
열자,F
영건,M
영걸,M
영관,M
영광,M
영국,M
영권,M
영규,M
영균,M
영근,M
영기,M
영길,M
영나,F
영난,F
영남,M
영대,M
영덕,M
영도,M
영돈,M
영두,M
영락,M
영란,F
영랑,M
영래,M
영로,M
영록,M
영륜,M
영리,F
영모,M
영목,M
영무,M
영문,M
영미,F
영범,M
영복,M
영비,F
영산,M
영상,M
영석,M
영선,F
영섭,M
영성,M
영세,M
영소,F
영숙,F
영순,F
영승,M
영식,M
영실,F
영심,F
영아,F
영애,F
영예,F
영오,M
영옥,F
영완,M
영욱,M
영웅,M
영음,F
영의,F
영이,F
영익,M
영일,M
영임,F
영자,F
영조,M
영종,M
영중,M
영찬,M
영창,M
영철,M
영체,F
영탁,M
영태,M
영택,M
영표,M
영학,M
영한,M
영해,F
영향,F
영헌,M
영혁,M
영혜,F
영호,M
영환,M
영효,M
영훈,M
영휘,M
영흔,F
영희,F
예,F
예가,F
예결,F
예경,F
예광,M
예교,F
예권,M
예근,M
예나,F
예늘,F
예니,F
예님,F
예다,F
예다움,F
예단,F
예동,M
예든,F
예라,F
예란,F
예래,F
예량,F
예렘,F
예련,F
예령,F
예론,F
예륜,F
예률,F
예름,F
예리,F
예리나,F
예린,F
예림,F
예명,F
예미,F
예반,F
예범,M
예별,F
예봄,F
예비,F
예빛,F
예빛나,F
예쁨,F
예사랑,F
예상,M
예석,M
예설,F
예섬,F
예섭,M
예소,F
예손,F
예솜,F
예송,F
예수아,F
예술,F
예슬,F
예심,F
예아,F
예양,F
예언,F
예연,F
예우,M
예울,F
예은,F
예을,F
예음,F
예의,F
예임,F
예재,F
예전,F
예정,F
예조,F
예종,M
예지,F
예지나,F
예진,F
예창,M
예채,F
예천,M
예철,M
예향,F
예혁,M
예화,F
예훤,F
예흔,F
예희,F
오늘,F
오드리,F
오로라,F
오민,M
오성,M
오승,M
오웬,M
오은,F
오주,F
오준,M
오찬,M
오훈,M
옥련,F
옥미,F
옥선,F
옥순,F
옥영,F
옥주,F
옥지,F
옥현,F
옥화,F
옥희,F
온겸,M
온누리,F
온리,F
온별,F
온비,F
온빛,F
온새,F
온샘,F
온서,F
온설,F
온성,M
온아,F
온음,F
온주,F
온지,F
온찬,M
온하,F
온화,F
온후,M
올리버,M
올리비아,F
올리비아리,F
올림,F
완규,M
완기,M
완석,M
완수,M
완우,M
완이,F
완준,M
완호,M
요린,F
요림,F
요벨,F
요섭,M
요셉,M
요아,F
요안,M
요안나,F
요은,F
요찬,M
요한나,F
요향,F
요환,M
용,M
용건,M
용경,M
용구,M
용국,M
용권,M
용규,M
용균,M
용근,M
용기,M
용남,M
용대,M
용덕,M
용미,F
용민,M
용범,M
용빈,M
용상,M
용석,M
용섭,M
용성,M
용수,M
용승,M
용식,M
용아,M
용우,M
용욱,M
용운,M
용윤,M
용은,F
용이,M
용인,M
용일,M
용자,F
용재,M
용제,M
용준,M
용진,M
용찬,M
용채,M
용철,M
용태,M
용택,M
용하,M
용학,M
용한,M
용헌,M
용혁,M
용현,M
용호,M
용화,M
용환,M
용후,M
용훈,M
용휘,M
우가,F
우건,M
우겸,M
우권,M
우균,M
우근,M
우기,M
우란,F
우람,M
우미,F
우비,F
우상,M
우석,M
우설,F
우섭,M
우성,M
우송,M
우슬,F
우식,M
우실,F
우아,F
우애,F
우열,M
우엽,M
우용,M
우월,F
우은,F
우의,F
우일,M
우자,F
우제,M
우준,M
우중,M
우찬,M
우창,M
우채,F
우철,M
우탁,M
우태,M
우택,M
우향,F
우헌,M
우혁,M
우형,M
우호,M
우화,F
우희,F
욱,M
욱재,M
욱진,M
욱현,M
운경,F
운교,F
운규,M
운석,M
운선,F
운성,M
운아,F
운우,M
운유,F
운재,M
운정,F
운주,F
운지,F
운찬,M
운채,F
운하,F
운해,F
운혁,M
운형,M
운호,M
운희,F
울림,F
웅,M
웅규,M
웅기,M
웅빈,M
웅진,M
웅찬,M
웅현,M
웅희,M
원강,M
원건,M
원겸,M
원구,M
원국,M
원규,M
원균,M
원근,M
원기,M
원길,M
원담,M
원대,M
원도,M
원동,M
원률,M
원명,M
원모,M
원미,F
원배,M
원범,M
원상,M
원석,M
원섭,M
원성,M
원식,M
원아,F
원엽,M
원오,M
원용,M
원욱,M
원웅,M
원유,M
원윤,M
원율,M
원의,M
원익,M
원일,M
원재,M
원제,M
원종,M
원준,M
원중,M
원지,F
원찬,M
원창,M
원철,M
원탁,M
원태,M
원택,M
원표,M
원혁,M
원현,M
원형,M
원혜,F
원호,M
원화,F
원효,M
원휘,M
월,F
위건,M
위나,F
위민,F
위서,F
위준,M
위찬,M
윈,F
윌리엄,M
유가,F
유건,M
유곤,M
유관,M
유권,M
유귀,F
유근,M
유금,F
유나,F
유내,F
유니,F
유니스,F
유니아,F
유덕,M
유동,M
유라,F
유락,M
유란,F
유랑,F
유량,F
유련,F
유록,M
유리나,F
유리아,F
유리엘,F
유린,F
유마,M
유미,F
유미자,F
유범,M
유봄,F
유석,M
유설,F
유섬,M
유섭,M
유세,M
유소,F
유솜,F
유순,F
유슬,F
유식,M
유실,F
유심,F
유애,F
유야,M
유열,M
유오,M
유우나,F
유우카,F
유우키,M
유우토,M
유유,F
유윤,F
유을,F
유음,F
유의,F
유이나,F
유일,M
유임,F
유자,F
유제,M
유종,M
유중,M
유즈키,F
유찬,M
유창,M
유채,F
유천,M
유철,M
유카,F
유카리,F
유키,F
유타,M
유탁,M
유태,M
유토,M
유한,M
유향,F
유헌,M
유혁,M
유형,F
유혜,F
유호,M
유환,M
유훈,M
유히,F
윤건,M
윤경,F
윤관,M
윤구,M
윤권,M
윤규,M
윤근,M
윤나,F
윤덕,M
윤도,M
윤동,M
윤라,F
윤령,F
윤림,F
윤모,M
윤미,F
윤배,M
윤범,M
윤별,F
윤보,M
윤봄,F
윤비,F
윤산,M
윤석,M
윤섭,M
윤소,F
윤숙,F
윤식,M
윤실,F
윤아,F
윤애,F
윤열,M
윤예,F
윤용,M
윤은,F
윤익,M
윤일,M
윤정,F
윤종,M
윤중,M
윤지,F
윤찬,M
윤창,M
윤철,M
윤초,F
윤태,M
윤택,M
윤표,M
윤학,M
윤한,M
윤해,F
윤헌,M
윤혁,M
윤혜,F
윤홍,M
윤환,M
율건,M
율경,F
율교,F
율기,M
율리아,F
율린,F
율림,F
율립,F
율비,F
율아,F
율안,F
율언,M
율원,M
율은,F
율인,F
율주,F
율진,M
율찬,M
율채,F
율한,M
율호,M
율환,M
융,M
은경,F
은광,M
은구,M
은국,M
은균,M
은금,F
은나,F
은나래,F
은녕,F
은다,F
은도,F
은란,F
은렬,M
은령,F
은류,F
은리,F
은린,F
은림,F
은미,F
은배,M
은범,M
은봄,F
은비,F
은빛,F
은빛나,F
은사,F
은새,F
은섬,F
은섭,M
은소,F
은소리,F
은솜,F
은숙,F
은순,F
은슬,F
은시,F
은식,M
은실,F
은아,F
은안,F
은애,F
은엽,M
은영,F
은예,F
은옥,F
은요,F
은용,M
은욱,M
은윤,F
은이,F
은일,M
은임,F
은정,F
은종,M
은주,F
은중,M
은지,F
은창,M
은철,M
은체,F
은초,F
은탁,M
은태,M
은택,M
은파,F
은하늘,F
은하수,F
은학,M
은한,M
은해,F
은향,F
은혁,M
은혜,F
은홍,F
은화,F
은희,F
을비,F
응준,M
응찬,M
의,M
의건,M
의겸,M
의경,F
의나,F
의람,M
의령,F
의린,F
의범,M
의산,M
의석,M
의섭,M
의솔,F
의송,F
의수,M
의엽,M
의율,M
의재,M
의제,M
의준,M
의찬,M
의창,M
의채,F
의천,M
의철,M
의태,M
의택,M
의한,M
의헌,M
의혁,M
의호,M
의환,M
이건,M
이결,F
이교,F
이규,M
이나,F
이다,F
이듬,F
이라,F
이락,M
이란,F
이량,F
이령,F
이례,F
이로운,M
이로하,F
이록,M
이루나,F
이루다,F
이루리,F
이루미,F
이룩,M
이린,F
이미,F
이바,F
이본,F
이봄,F
이브,F
이비,F
이사벨,F
이사벨라,F
이산,M
이상,M
이샘,F
이석,M
이설,F
이세,F
이소,F
이솜,F
이송,F
이슬,F
이신,M
이아,F
이얀,F
이영,M
이오,F
이완,M
이유,F
이을,F
이인,F
이자벨,F
이자벨라,F
이지,F
이찬,M
이채,F
이태,M
이튼,M
이플,F
이향,F
이혁,M
이화,F
이환,M
이효,F
이후,M
이훈,M
이훤,M
익,M
익선,M
익수,M
익재,M
익준,M
익현,M
익환,M
인건,M
인결,M
인구,M
인국,M
인권,M
인규,M
인균,M
인기,M
인나,F
인덕,M
인령,F
인미,F
인범,M
인별,F
인보,M
인비,F
인빈,F
인석,M
인섭,M
인숙,F
인순,F
인승,M
인식,M
인애,F
인엽,M
인예,F
인오,M
인욱,M
인웅,M
인원,M
인이,F
인자,F
인재,M
인정,F
인제,M
인준,M
인찬,M
인창,M
인채,F
인철,M
인탁,M
인태,M
인택,M
인표,M
인학,M
인한,M
인해,F
인향,F
인혁,M
인형,F
인혜,F
인홍,M
인환,M
인효,F
인휘,M
일,M
일권,M
일규,M
일리,F
일미,F
일성,M
일수,M
일아,F
일영,M
일우,M
일웅,M
일주,M
일준,M
일한,M
일현,M
일호,M
일화,F
일환,M
일후,M
일휘,M
임,F
임경,F
임재,M
임주,F
자겸,M
자람,F
자랑,F
자령,F
자룡,M
자림,F
자명,F
자미,F
자비,F
자성,M
자스민,F
자언,F
자영,F
자온,F
자우,F
자유,M
자은,F
자하,F
자함,F
자헌,M
자형,F
자호,M
자훈,M
자희,F
잔디,F
장,M
장건,M
장군,M
장규,M
장근,M
장미,F
장민,M
장빈,M
장성,M
장수,M
장영,M
장오,M
장우,M
장욱,M
장운,M
장원,M
장윤,M
장준,M
장태,M
장헌,M
장혁,M
장현,M
장호,M
장환,M
장후,M
장훈,M
장휘,M
장희,M
재,M
재강,M
재건,M
재겸,M
재곤,M
재관,M
재광,M
재교,M
재구,M
재국,M
재권,M
재규,M
재균,M
재근,M
재나,F
재니,F
재덕,M
재동,M
재련,F
재록,M
재룡,M
재륜,M
재률,M
재리,F
재마,M
재만,M
재명,M
재모,M
재무,M
재문,M
재미,F
재백,M
재범,M
재복,M
재상,M
재석,M
재섭,M
재성,M
재숙,F
재승,M
재식,M
재열,M
재엽,M
재오,M
재완,M
재용,M
재욱,M
재운,M
재웅,M
재익,M
재일,M
재임,F
재준,M
재중,M
재찬,M
재창,M
재천,M
재철,M
재필,M
재학,M
재한,M
재향,F
재헌,M
재혁,M
재협,M
재형,M
재호,M
재홍,M
재환,M
재황,M
재후,M
재훈,M
재흠,M
쟈스민,F
저스틴,M
전호,M
절자,F
정건,M
정겸,M
정경,F
정곤,M
정관,M
정교,M
정구,M
정국,M
정권,M
정규,M
정균,M
정근,M
정기,M
정길,M
정남,M
정대,M
정도,M
정동,M
정란,F
정래,M
정록,M
정률,M
정린,F
정림,F
정명,M
정모,M
정목,M
정무,M
정묵,M
정문,M
정미,F
정배,M
정범,M
정상,M
정석,M
정섭,M
정솔,F
정숙,F
정순,F
정승,M
정식,M
정실,F
정아,F
정애,F
정열,M
정엽,M
정예,F
정오,M
정옥,F
정용,M
정웅,M
정이,F
정익,M
정일,M
정임,F
정자,F
정재,M
정제,M
정준,M
정찬,M
정철,M
정탁,M
정태,M
정택,M
정표,M
정필,M
정해,F
정향,F
정혁,M
정협,M
정형,M
정혜,F
정홍,M
정환,M
정휴,M
정흔,F
정흠,M
제,M
제강,M
제겸,M
제국,M
제규,M
제나,F
제노,M
제니,F
제니스,F
제니퍼,F
제라,F
제레미,M
제린,F
제림,F
제범,M
제빈,M
제상,M
제서,M
제석,M
제선,M
제성,M
제승,M
제시카,F
제오,M
제온,M
제완,M
제용,M
제우,M
제욱,M
제운,M
제웅,M
제유,M
제율,M
제이드,F
제이든,M
제이슨,M
제이콥,M
제익,M
제임,F
제임스,M
제정,M
제준,M
제진,M
제학,M
제헌,M
제혁,M
제형,M
제호,M
제홍,M
제환,M
제후,M
제훈,M
제휘,M
젤라,F
젬마,F
조,F
조나단,M
조단,M
조미,F
조셉,M
조수아,F
조슈아,M
조아,F
조안나,F
조애,F
조앤,F
조에,F
조윤,M
조이스,F
조하,F
조한,M
조훈,M
조희,F
조히,F
존,M
종건,M
종겸,M
종경,M
종관,M
종국,M
종권,M
종규,M
종근,M
종대,M
종률,M
종명,M
종문,M
종미,F
종민,M
종범,M
종빈,M
종서,M
종석,M
종성,M
종수,M
종아,F
종언,M
종열,M
종엽,M
종영,M
종오,M
종완,M
종우,M
종욱,M
종운,M
종웅,M
종원,M
종율,M
종익,M
종인,M
종일,M
종준,M
종진,M
종찬,M
종천,M
종철,M
종태,M
종하,M
종학,M
종한,M
종헌,M
종혁,M
종형,M
종호,M
종환,M
종효,M
종후,M
종훈,M
종휘,M
종희,M
죠셉,M
죠슈아,M
주강,M
주경,F
주광,M
주나,F
주니,F
주란,F
주련,F
주로,M
주리,F
주린,F
주림,F
주만,M
주몽,M
주미,F
주비,F
주상,M
주석,M
주섭,M
주솔,F
주승,M
주신,M
주애,F
주양,F
주얼,F
주역,M
주연,F
주열,M
주엽,M
주예,F
주오,M
주옥,F
주왕,M
주우,M
주음,F
주이,F
주익,M
주찬,M
주철,M
주표,M
주학,M
주한,M
주함,M
주해,F
주향,F
주혁,M
주협,M
주혜,F
주황,M
주훈,M
주훤,M
주흔,M
준강,M
준건,M
준걸,M
준결,M
준겸,M
준교,M
준구,M
준권,M
준규,M
준근,M
준기,M
준도,M
준동,M
준렬,M
준명,M
준모,M
준목,M
준무,M
준미,F
준배,M
준범,M
준병,M
준복,M
준산,M
준상,M
준석,M
준섭,M
준성,M
준세,M
준수,M
준승,M
준식,M
준안,M
준언,M
준연,M
준열,M
준엽,M
준오,M
준온,M
준완,M
준용,M
준욱,M
준웅,M
준유,M
준율,M
준은,M
준익,M
준일,M
준재,M
준정,F
준제,M
준찬,M
준철,M
준태,M
준택,M
준표,M
준필,M
준학,M
준한,M
준해,M
준행,M
준헌,M
준혁,M
준협,M
준형,M
준혜,F
준호,M
준홍,M
준화,M
준환,M
준회,M
준후,M
준흠,M
줄리,F
줄리아,F
중권,M
중근,M
중기,M
중민,M
중서,M
중석,M
중우,M
중원,M
중한,M
중헌,M
중혁,M
중현,M
중호,M
중훈,M
중휘,M
중희,M
쥬디,F
쥬리,F
쥴리,F
지,F
지가,F
지강,M
지건,M
지겸,M
지경,F
지광,M
지교,F
지구,M
지나,F
지노,M
지누,M
지니,F
지단,M
지령,F
지륜,F
지만,M
지모,M
지무,M
지묵,M
지미,F
지백,M
지범,M
지사,F
지석,M
지선,F
지섭,M
지세,F
지소,F
지송,F
지숙,F
지순,F
지슬,F
지아나,F
지애,F
지야,F
지양,F
지여,F
지열,M
지엽,M
지예,F
지울,M
지웅,M
지융,M
지을,F
지의,F
지이,F
지자,F
지주,F
지준,M
지찬,M
지창,M
지철,M
지태,M
지평,M
지학,M
지항,M
지해,F
지행,M
지향,F
지혁,M
지협,M
지혜,F
지화,F
지황,M
지회,F
지휴,F
지흠,M
지희,F
직미,F
직자,F
진강,M
진건,M
진결,M
진곤,M
진관,M
진광,M
진구,M
진국,M
진궁,F
진권,M
진규,M
진기,M
진나,F
진률,M
진리자,F
진만,M
진모,M
진목,M
진무,M
진미,F
진민,M
진범,M
진별,F
진보,M
진비,F
진빈,F
진산,M
진석,M
진설,F
진섭,M
진세,M
진소,F
진송,F
진숙,F
진순,F
진슬,F
진승,M
진식,M
진실,F
진아,F
진앙,F
진양,F
진언,M
진여,F
진엽,M
진예,F
진오,M
진옥,F
진완,M
진요,F
진용,M
진욱,M
진운,M
진웅,M
진유미,F
진은,F
진의,F
진이,F
진일,M
진자,F
진재,M
진제,M
진주,F
진찬,M
진채,F
진철,M
진태,M
진택,M
진평,M
진표,M
진학,M
진한,M
진행,M
진향,F
진헌,M
진혁,M
진협,M
진혜,F
진환,M
진훈,M
차경,F
차린,F
차미,F
차빈,M
차연,F
차영,F
차온,M
차은,F
차이,F
차훈,M
차희,F
찬,M
찬결,M
찬교,M
찬구,M
찬규,M
찬균,M
찬근,M
찬기,M
찬누리,M
찬들,M
찬렬,M
찬률,M
찬명,M
찬모,M
찬묵,M
찬미,F
찬범,M
찬비,F
찬석,M
찬선,M
찬섭,M
찬성,M
찬솔,M
찬수,M
찬숙,F
찬승,M
찬식,M
찬연,M
찬열,M
찬엽,M
찬오,M
찬용,M
찬우,M
찬욱,M
찬울,M
찬웅,M
찬원,M
찬위,M
찬윤,M
찬은,M
찬음,M
찬의,M
찬익,M
찬인,M
찬일,M
찬재,M
찬정,M
찬종,M
찬준,M
찬중,M
찬진,M
찬하,M
찬혁,M
찬현,M
찬형,M
찬혜,F
찬호,M
찬홍,M
찬회,M
찬효,M
찬후,M
찬훈,M
찬흠,M
창,M
창건,M
창규,M
창균,M
창기,M
창대,M
창록,M
창림,M
창명,M
창무,M
창민,M
창범,M
창빈,M
창석,M
창선,M
창섭,M
창성,M
창수,M
창언,M
창연,M
창열,M
창엽,M
창영,M
창오,M
창완,M
창용,M
창우,M
창운,M
창원,M
창윤,M
창은,M
창의,M
창익,M
창인,M
창일,M
창재,M
창조,M
창주,M
창준,M
창진,M
창하,M
창헌,M
창혁,M
창현,M
창호,M
창화,M
창환,M
창후,M
창훈,M
창휘,M
채,F
채가,F
채교,F
채나,F
채니,F
채란,F
채람,F
채랑,F
채량,F
채련,F
채령,F
채리,F
채린,F
채림,F
채미,F
채범,M
채비,F
채서,F
채선,F
채솔,F
채송,F
채슬,F
채실,F
채아,F
채양,F
채연,F
채온,F
채욱,M
채월,F
채유,F
채은,F
채을,F
채음,F
채의,F
채이,F
채정,F
채주,F
채준,M
채향,F
채혁,M
채호,M
채화,F
채효,F
채후,M
채훈,M
채흔,F
천리,F
천미,F
천성,M
천수,M
천아,F
천애,F
천우,M
천웅,M
천추,F
천하,F
천혜,F
천호,M
천화,F
천희,M
철,M
철규,M
철민,M
철수,M
철영,M
철우,M
철웅,M
철준,M
철현,M
철호,M
철환,M
철훈,M
철희,M
청,F
청명,M
청미,F
청민,M
청비,F
청아,F
청연,M
청용,M
청우,M
청운,M
청윤,F
청은,F
청음,F
청자,F
청하,F
청향,F
청화,F
체라,F
체리,F
체린,F
체림,F
체민,F
체빈,F
체연,F
체영,F
체원,F
체윤,F
체은,F
체현,F
첼시,F
초록,F
초롬,F
초롱,F
초린,F
초미,F
초민,F
초비,F
초빈,F
초아,F
초언,F
초연,F
초영,F
초예,F
초우,F
초은,F
초을,F
초이,F
초하,F
초해,F
초혜,F
초후,F
초희,F
총명,M
추자,F
춘미,F
춘자,F
춘향,F
춘희,F
충만,M
충민,M
충영,M
충우,M
충원,M
충헌,M
충현,M
충호,M
충환,M
충훈,M
충희,M
치민,M
치성,M
치언,M
치연,M
치영,M
치완,M
치우,M
치운,M
치웅,M
치율,F
치은,F
치헌,M
치현,M
치형,M
치호,M
치환,M
치후,M
치훈,M
칠해,F
카나,F
카라,F
카렌,F
카린,F
카밀라,F
카일,M
카일라,F
카일리,F
칸나,F
캐빈,M
캐서린,F
케빈,M
케이티,F
케일라,F
케일리,F
케일린,F
켈리,F
크리스,M
크리스탈,F
크리스토퍼,M
크리스티,F
크리스티나,F
크리스틴,F
클라라,F
클레어,F
클로에,F
클로이,F
클로이하윤,F
키라,F
키아라,F
키이라,F
탁,M
탁현,M
탄,M
태강,M
태건,M
태검,M
태결,M
태겸,M
태곤,M
태관,M
태광,M
태구,M
태군,M
태권,M
태규,M
태균,M
태극,M
태금,F
태기,M
태나,F
태니,F
태라,F
태란,F
태람,M
태랑,M
태래,M
태련,F
태록,M
태룡,M
태륜,M
태률,M
태림,F
태명,M
태무,M
태문,M
태미,F
태범,M
태산,M
태상,M
태석,M
태섭,M
태성,M
태수,M
태순,M
태슬,F
태승,M
태식,M
태신,M
태아,F
태열,M
태엽,M
태오,M
태완,M
태왕,M
태용,M
태욱,M
태운,M
태웅,M
태위,M
태을,M
태일,M
태임,F
태재,M
태조,M
태준,M
태중,M
태찬,M
태평,M
태풍,M
태하,M
태한,M
태향,F
태헌,M
태혁,M
태협,M
태호,M
태홍,M
태환,M
태황,M
태효,M
태훈,M
태흔,M
태흠,M
택,M
택경,M
택규,M
택균,M
택민,M
택연,M
택영,M
택우,M
택원,M
택윤,M
택준,M
택진,M
택한,M
택현,M
택호,M
택훈,M
테오,M
테이,F
토마스,M
티나,F
티아,F
티파니,F
평,M
평지,F
폴,M
푸른솔,F
풀잎,F
풍화,F
프리실라,F
필,M
필교,M
필규,M
필립,M
필모,M
필상,M
필성,M
필재,M
필준,M
하건,M
하결,M
하균,M
하나린,F
하늬,F
하니,F
하니엘,F
하다,F
하닮,F
하란,F
하량,F
하련,F
하로,M
하록,M
하루나,F
하루카,F
하루키,M
하루토,M
하룬,M
하률,M
하미,F
하백,M
하별,F
하봄,F
하비,F
하석,M
하설,F
하솜,F
하수,F
하슬,F
하신,F
하애,F
하야,F
하얀,F
하양,F
하얼,M
하엔,F
하예,F
하예라,F
하예린,F
하예진,F
하용,M
하웅,M
하응,F
하제,F
하종,M
하중,M
하형,M
하훈,M
하휼,F
하흔,F
하희,F
학,M
학민,M
학범,M
학선,M
학성,M
학수,M
학영,M
학윤,M
학재,M
학주,M
학준,M
학진,M
학찬,M
학현,M
한강,M
한검,M
한교,M
한구,M
한국,M
한규,M
한그루,F
한기,M
한길,M
한나,F
한나래,F
한남,M
한누리,F
한동,M
한들,M
한라,F
한률,M
한림,M
한민,M
한범,M
한사랑,F
한상,M
한새,M
한석,M
한섭,M
한성,M
한수,M
한승,M
한아,F
한열,M
한올,F
한용,M
한욱,M
한웅,M
한은,F
한일,M
한재,M
한정,F
한조,M
한준,M
한중,M
한지,F
한혁,M
한호,M
한휘,M
한흠,M
항,M
항아,F
항준,M
해건,M
해겸,M
해경,F
해광,M
해교,F
해권,M
해규,M
해근,M
해나,F
해니,F
해님,F
해닮,F
해동,M
해든,M
해듬,F
해라,F
해란,F
해량,F
해련,F
해령,F
해름,F
해린,F
해림,F
해미,F
해범,M
해별,F
해상,M
해선,F
해솜,F
해송,F
해숙,F
해슬,F
해아,F
해야,F
해양,F
해연,F
해완,M
해용,M
해욱,M
해웅,M
해월,F
해은,F
해을,F
해음,F
해이,F
해일,M
해일리,F
해정,F
해종,M
해지,F
해찬,M
해창,M
해천,M
해훈,M
햇님,F
햇별,F
햇살,F
행리,F
행미,F
행수,F
행자,F
행지,F
행혜,F
향,F
향기,F
향나,F
향리,F
향림,F
향미,F
향민,F
향선,F
향수,F
향숙,F
향순,F
향아,F
향원,F
향유,F
향은,F
향지,F
향직,F
향진,F
향화,F
향희,F
헌,M
헌서,M
헌성,M
헌수,M
헌우,M
헌욱,M
헌율,M
헌재,M
헌제,M
헌준,M
헌진,M
헤라,F
헤이든,M
헤일리,F
헨리,M
헬레나,F
헬렌,F
혁,M
혁규,M
혁기,M
혁민,M
혁범,M
혁빈,M
혁수,M
혁우,M
혁원,M
혁인,M
혁재,M
혁주,M
혁준,M
혁중,M
혁진,M
혁찬,M
혁호,M
현강,F
현건,M
현결,M
현곤,M
현구,M
현국,M
현권,M
현규,M
현균,M
현근,M
현길,M
현나,F
현덕,M
현도,M
현동,M
현두,M
현래,M
현령,F
현록,M
현률,M
현리,F
현린,F
현림,F
현모,M
현목,M
현무,M
현묵,M
현미,F
현배,M
현범,M
현별,F
현산,M
현상,M
현석,M
현설,F
현섭,M
현세,M
현소,F
현숙,F
현슬,F
현식,M
현실,F
현아,F
현애,F
현엽,M
현용,M
현운,M
현웅,M
현은,F
현익,M
현일,M
현자,F
현정,F
현제,M
현종,M
현중,M
현직,M
현찬,M
현창,M
현철,M
현탁,M
현태,M
현택,M
현표,M
현학,M
현혜,F
현호,M
현화,F
현환,M
현훈,M
현휘,M
협,M
형건,M
형경,F
형곤,M
형관,M
형구,M
형권,M
형규,M
형균,M
형근,M
형기,M
형도,M
형동,M
형란,F
형래,M
형렬,M
형모,M
형민,M
형범,M
형빈,M
형석,M
형섭,M
형성,M
형수,M
형순,M
형승,M
형식,M
형연,F
형오,M
형우,M
형욱,M
형운,M
형윤,M
형율,M
형일,M
형재,M
형종,M
형준,M
형중,M
형지,F
형찬,M
형철,M
형태,M
형택,M
형호,M
형환,M
형후,M
형훈,M
혜,F
혜건,M
혜겸,F
혜경,F
혜교,F
혜규,M
혜근,M
혜금,F
혜기,F
혜나,F
혜니,F
혜다,F
혜라,F
혜란,F
혜람,F
혜랑,F
혜량,F
혜련,F
혜령,F
혜륜,F
혜리,F
혜린,F
혜림,F
혜명,F
혜미,F
혜빈,F
혜서,F
혜선,F
혜솔,F
혜송,F
혜숙,F
혜순,F
혜슬,F
혜신,F
혜실,F
혜아,F
혜양,F
혜연,F
혜영,F
혜옥,F
혜온,F
혜완,F
혜우,F
혜운,F
혜윰,F
혜은,F
혜음,F
혜이,F
혜인,F
혜일,F
혜자,F
혜정,F
혜주,F
혜지,F
혜진,F
혜향,F
혜현,F
혜화,F
호건,M
호겸,M
호권,M
호규,M
호균,M
호근,M
호기,M
호나,F
호동,M
호란,F
호랑,M
호령,M
호륜,M
호범,M
호산,M
호서,M
호석,M
호섭,M
호성,M
호세,M
호승,M
호신,M
호아,F
호열,M
호엽,M
호용,M
호운,M
호재,M
호제,M
호종,M
호준,M
호중,M
호찬,M
호창,M
호철,M
호태,M
호택,M
호형,M
홀리,F
홍규,M
홍균,M
홍근,M
홍기,M
홍래,M
홍리,F
홍린,F
홍림,F
홍매,F
홍범,M
홍비,F
홍빈,M
홍석,M
홍선,F
홍성,M
홍수,M
홍신,M
홍우,M
홍은,F
홍이,F
홍익,M
홍인,M
홍일,M
홍재,M
홍준,M
홍지,F
홍찬,M
홍철,M
홍현,M
홍희,F
화,F
화경,F
화니,F
화란,F
화령,F
화름,F
화리,F
화림,F
화목,M
화미,F
화빈,F
화서,F
화선,F
화성,M
화숙,F
화순,F
화실,F
화연,F
화온,F
화원,F
화율,F
화은,F
화이,F
화인,F
화자,F
화정,F
화주,F
화준,M
화채,F
화현,F
환규,M
환민,M
환빈,M
환석,M
환성,M
환수,M
환영,M
환욱,M
환웅,M
환유,M
환의,M
환일,M
환준,M
환호,M
환휘,M
황준,M
황현,M
회리,F
회린,F
회림,F
회성,M
회연,F
회율,M
회정,F
회주,F
회준,M
회진,F
회찬,M
효건,M
효겸,M
효권,M
효근,M
효나,F
효니,F
효담,F
효라,F
효란,F
효람,F
효랑,F
효련,F
효리,F
효린,F
효미,F
효비,F
효산,M
효상,M
효석,M
효선,F
효설,F
효섭,M
효솔,F
효송,F
효슬,F
효식,M
효심,F
효아,F
효안,F
효언,F
효연,F
효열,M
효예,F
효운,M
효유,F
효을,F
효음,F
효이,F
효종,M
효중,M
효지,F
효찬,M
효창,M
효채,F
효철,M
효혜,F
효훈,M
효희,F
후성,M
후승,M
후아,F
후윤,M
후찬,M
훈,M
훈기,M
훈민,M
훈비,F
훈서,M
훈석,M
훈성,M
훈이,M
훈찬,M
훈희,M
훤,M
휘강,M
휘건,M
휘겸,M
휘근,M
휘도,M
휘람,M
휘랑,M
휘래,M
휘린,F
휘문,M
휘범,M
휘빈,F
휘상,M
휘석,M
휘선,M
휘성,M
휘승,M
휘아,F
휘용,M
휘율,M
휘은,F
휘재,M
휘종,M
휘준,M
휘중,M
휘찬,M
휴,M
휴고,M
희건,M
희겸,M
희경,F
희곤,M
희관,M
희교,F
희권,M
희규,M
희근,M
희나,F
희동,M
희라,F
희란,F
희랑,F
희련,F
희령,F
희루,F
희리,F
희린,F
희림,F
희명,M
희문,M
희미,F
희민,M
희범,M
희빈,F
희산,M
희석,M
희선,F
희설,F
희섭,M
희소,F
희솔,F
희송,F
희숙,F
희순,F
희슬,F
희실,F
희아,F
희애,F
희야,F
희양,F
희엘,F
희열,M
희오,F
희완,M
희용,M
희욱,M
희웅,M
희유,F
희은,F
희음,F
희인,F
희자,F
희조,F
희종,M
희주,F
희준,M
희중,M
희지,F
희찬,M
희창,M
희천,M
희철,M
희태,M
희향,F
희헌,M
희화,F
희환,M
희훈,M
히나,F
히나노,F
히요리,F
히카리,F
히토미,F
힘찬,M
